Year,SampID,Drain,Type,Easting,Northing,Longitude,Latitude,pH,EC,Al,As,Ba,Ca,Cd,Ce,Co,Cr,Cu,Fe,Gd,K,La,Li,Mg,Mn,Mo,Na,Nd,Ni,P,Pb,S,Sr,Th,V,Y,Zn
2019,2019_1_1,Kitchener,Lake_Sed,399989,6468038,115.9421362,-31.9191471,7.62,3.25,8996,4.76,26.5,5180,0.188,11.4,29.4,11,19,28836,1.24,889,8.4,6,3378,79,2.29,14530,4.7,9.4,630,31.1,32366,61,2.1,17.7,3,4176.9
2019,2019_1_2,Kitchener,Lake_Sed,399981,6468037,115.9420515,-31.91915542,7.15,5.37,37131,6.05,68,3283,0.626,93,19.7,80.4,75.8,44687,6.51,3266,48.6,37.8,5395,46,5.37,19144,36.6,24.4,544,43.2,17944,84,15.7,82.5,23,1215.1
2019,2019_1_3,Kitchener,Lake_Sed,399971,6468035,115.9419455,-31.91917258,5.59,11.65,28699,3.12,50.5,4433,0.151,81.6,9.3,50.6,54.7,48561,5.73,3091,41.5,27.7,8368,56,2.75,38388,32.5,21.5,419,32,13923,89,15.3,68.6,20.4,417.9
2019,2019_1_4,Kitchener,Lake_Sed,399958,6468028,115.9418073,-31.91923458,4.95,8.82,33882,NA,93.7,2842,0.092,81,9,65.4,62.9,53061,5.9,2984,41.9,27.7,5790,54,3.05,21379,33.1,22,533,41.8,9875,73,18.6,83.8,18.1,269.6
2019,2019_1_5,Kitchener,Lake_Sed,399944,6468023,115.9416587,-31.91927845,4.01,8.56,31222,6.95,61.2,3054,0.047,82.9,6.7,55.1,50.5,71546,6.9,3107,41.5,28.2,5125,41,4.52,22023,34.9,19.7,744,34.7,8538,83,12.4,89,20.2,172.8
2019,2019_1_6,Kitchener,Lake_Sed,399930,6468017,115.94151,-31.91933134,4.84,13.09,34765,3.61,65.1,4218,0.03,72.5,7.4,55.5,58.3,38441,5.39,2969,35.4,33.3,6137,38,3.42,28149,29,18.4,465,36.9,8913,103,16,72.3,17.2,176.1
2019,2019_1_7,Kitchener,Lake_Sed,399919,6468014,115.9413934,-31.91935743,4.89,24.34,27926,4.69,73.9,5528,0.06,64.5,8.5,52.2,59.9,59783,5.02,2820,33.2,26.2,5928,38,4.96,25058,27.1,17.1,765,39.4,16097,149,14.6,83.9,15.3,184.6
2019,2019_1_8,Kitchener,Lake_Sed,399908,6468006,115.9412762,-31.91942862,5.16,6.63,29650,4.27,44.4,6204,0.054,59,6.2,50.5,56.4,37017,4.57,2957,29.3,30.4,6864,35,3.87,38663,24.7,17.4,457,36.1,12093,105,14.8,69.8,13.8,134
2019,2019_1_9,Kitchener,Lake_Sed,399971,6468021,115.9419441,-31.91929887,NA,NA,17946,6.65,44.7,4699,0.263,30.2,16.7,30.9,51.1,135488,5.29,2715,18.7,16.2,8722,51,5.14,51442,17,22.8,698,25.2,46641,98,7.8,63,9.9,800.8
2019,2019_2_1,Kitchener,Drain_Sed,399981,6468052,115.942053,-31.91902011,6.67,12.94,4114,1.66,9.4,2304,0.059,4.6,9.7,4.1,NA,9255,0.66,435,3.2,3,1773,22,0.47,10234,2,3.8,284,9.6,10266,27,1,6,1.1,1259.4
2019,2019_2_2a,Kitchener,Drain_Sed,399969,6468080,115.941929,-31.91876649,3.53,1.341,2568,NA,4.6,492,0.015,2.2,2.7,2.8,NA,2749,NA,59,1.2,1,176,6,0.25,158,0.8,NA,96,3.3,1500,5,0.7,4.7,0.4,224
2019,2019_2_3,Kitchener,Drain_Sed,399960,6468093,115.9418352,-31.91864843,4.74,2.923,14152,7.38,68.6,8995,0.222,19,33,16.2,201.2,28231,1.89,396,12.2,5,1076,75,0.96,1324,7.7,10,2034,28.3,13978,51,2,27.2,4,2789.3
2019,2019_2_4,Kitchener,Drain_Sed,399939,6468110,115.9416148,-31.91849323,4.22,1.575,3732,1.28,11,1391,0.037,6.1,4.3,3.8,NA,3518,NA,161,2.8,1.6,271,11,0.21,352,2,NA,244,6.2,1577,12,0.5,5.3,1,502.9
2019,2019_2_5,Kitchener,Drain_Sed,399934,6468116,115.9415626,-31.91843867,4.93,1.046,2675,0.99,7.1,1094,0.027,3.7,4.5,3,8.8,2851,NA,83,2.3,1,183,9,0.14,212,1.6,NA,170,6.8,1111,6,0.4,4.5,0.8,380.7
2019,2019_2_6,Kitchener,Drain_Sed,399927,6468136,115.9414906,-31.91825765,5.58,0.738,4499,2.79,15.1,2170,0.078,6.8,25.1,4.7,7.7,7538,0.77,166,3.9,1.7,392,78,0.31,368,2.5,NA,420,9.2,3163,14,2.6,10.1,1.6,981.6
2019,2019_2_7,Kitchener,Drain_Sed,399913,6468165,115.9413455,-31.91799482,5.62,0.739,5870,2.13,23.3,2007,0.043,8.3,29.9,7.1,NA,11144,0.68,160,3.9,1.6,353,139,0.24,305,2.9,NA,521,10.7,1676,14,2.2,12.8,1.5,700.6
2019,2019_2_8,Kitchener,Drain_Sed,399993,6468025,115.9421771,-31.91926472,5.25,15.15,14663,7.57,25.5,6640,0.443,19.5,40.7,19.9,44.3,32962,1.98,1600,13.2,11.7,6872,152,6.66,33719,8.3,15.7,1075,40,40943,98,2.9,33.6,4.9,5210.4
2019,2019_2_9,Kitchener,Drain_Sed,400006,6467977,115.9423097,-31.91969885,6.47,6.06,35638,1.04,37.3,2230,0.167,73.5,15.1,54.6,27.1,54763,5.93,2170,42.5,52.3,3533,199,2.38,8222,29.1,18.8,379,24.3,1726,43,15.1,83,20.9,113.6
2019,2019_2_10,Kitchener,Drain_Sed,399973,6468065,115.9419698,-31.91890215,3.49,10.45,8215,4.7,23.3,1842,0.156,11.2,10.4,11.9,19.2,11441,1.16,486,6.9,4.6,1691,27,1.71,8905,4.6,5.6,623,24.9,6688,23,1.2,16.9,2.4,1120
2019,2019_3_1,Chapman,Drain_Sed,400068,6467981,115.9429658,-31.91966822,7.54,2.656,23332,6.84,32.8,3311,0.248,51.9,12,36.4,78.6,32906,3.9,1382,27.1,26.9,3184,103,2.44,7618,20.7,14.8,320,39.2,14970,45,12.6,54.9,14.1,232.6
2019,2019_3_2,Chapman,Drain_Sed,400086,6467997,115.9431578,-31.91952548,7.68,1.382,25080,5.26,28.2,1967,0.038,51,7.9,34.3,25.7,24378,3.7,1265,26.4,31.1,2412,67,1.57,3925,19.9,12.3,170,23.3,5785,29,11.3,43.7,13.3,59
2019,2019_3_3,Chapman,Drain_Sed,400090,6468004,115.9432008,-31.91946269,8.08,1.7,20600,8.54,25.9,2624,0.189,48.9,16.7,30.6,70.3,47878,4.07,1230,26.5,23.4,2631,115,1.71,4205,19.3,17.3,340,49.9,16082,39,8.1,48.7,13.2,189.3
2019,2019_3_4,Chapman,Drain_Sed,400101,6468013,115.9433181,-31.91938247,8.27,1.014,25170,11.52,29.4,2301,0.521,55.3,18.5,36.4,217.1,45712,4.57,1390,28.7,31.4,2809,73,3.65,5161,21.8,17.8,492,72.4,10020,36,10.1,54.9,14.8,403.4
2019,2019_3_5,Chapman,Drain_Sed,400112,6468026,115.9434358,-31.91926617,7.46,2.81,28997,4.31,35.7,3682,0.335,79.5,25.5,49.8,58.1,41723,5.6,2056,41,31.7,3875,123,2.32,8707,31.1,23.5,452,48,14246,53,12.5,68.4,20.7,314.8
2019,2019_3_6,Chapman,Drain_Sed,400123,6468034,115.9435529,-31.91919498,7.34,2.62,34925,7.39,29.6,1857,0.206,65.1,18,51.5,48.5,78239,6.51,1831,28.1,44,2932,102,11.76,5253,28.8,22.6,472,33.8,3405,31,14.9,89.3,17.2,164.3
2019,2019_3_7,Chapman,Drain_Sed,400133,6468045,115.9436598,-31.91909663,7.17,4.25,31952,5.61,27.4,1967,0.19,86.9,12.6,47.7,36.5,53069,6.28,1572,43.6,42.9,2717,77,11.49,4171,32.3,18.7,400,30,3921,34,12.9,77.5,25.4,136.4
2019,2019_4_1,Chapman,Drain_Sed,400375,6468287,115.9462441,-31.91693495,6.9,0.2158,11530,2.84,45.1,798,0.023,14.9,1.8,22.2,93.7,32507,1.9,1554,9,7.1,810,50,2.93,354,6.8,5,114,70.9,2276,9,9.1,31.7,1.6,30.1
2019,2019_4_2,Chapman,Drain_Sed,400365,6468278,115.9461374,-31.91701526,6.8,1.01,20311,15.86,31.1,1780,0.906,23.1,10.9,45.2,172.6,60516,2.79,1431,12.6,14.3,2343,52,4.57,1436,10.9,12.5,449,70.8,12418,22,14.2,90.9,4.6,514.7
2019,2019_4_3,Chapman,Drain_Sed,400342,6468255,115.9458918,-31.91722071,5.43,0.5434,11397,13.9,16.3,861,0.74,24.1,13.6,20.4,206.9,35730,2.37,697,11.5,9,1249,36,3.3,1911,10.4,9.7,233,67.9,9509,12,6.6,26.1,5.1,419.6
2019,2019_4_4,Chapman,Drain_Sed,400326,6468241,115.9457212,-31.91734559,6.6,0.47,15019,2.75,66.9,709,0.069,26,4.1,23,26.3,18919,1.98,971,12.1,13.3,1203,36,3.5,1274,11,5.5,139,25.8,1495,18,9.4,32.9,4.2,57
2019,2019_4_5,Chapman,Drain_Sed,400303,6468218,115.9454756,-31.91755104,7,1.385,23689,3.26,77.8,952,0.049,26.4,4.6,51.4,24.2,37176,2.7,1814,13.5,22.4,2356,50,6.55,2793,11.7,9,92,11.4,1356,26,19.8,80,4.5,39.7
2019,2019_4_6,Chapman,Drain_Sed,400271,6468185,115.9451337,-31.91784591,6.64,0.902,30298,2.44,45,1501,0.103,88.7,8.6,50.4,36.2,38361,6.34,2377,41.2,28.3,2425,90,2.87,3453,34.4,17.4,288,28,5956,24,14.6,63.2,20.8,102.9
2019,2019_4_7,Chapman,Drain_Sed,400220,6468133,115.944589,-31.91831049,6,1.86,26873,26.16,55.4,2809,1.411,43.8,21.6,43.1,522.6,70016,4.47,1431,21.5,24.1,3169,86,4.8,6490,19.5,21.9,1265,207.4,13010,41,10.9,62,11.5,1134.6
2019,2019_4_8,Chapman,Drain_Sed,400188,6468103,115.9442475,-31.91857829,6.18,2.268,18427,4.23,45,1370,0.335,24.3,6.1,34.5,183.6,25410,2.01,1244,12.9,18.8,2041,51,3.02,3988,9.9,11,513,61.5,5310,27,12,44.1,4.7,249.7
2019,2019_6_1,Chapman,Lake_Sed,400328,6468226,115.9457408,-31.91748107,6.19,3.44,37034,13.84,157.6,3257,0.202,203.9,10.9,56,417.7,48343,12.47,3009,94.4,43.7,4908,74,3.16,16320,70.3,25.1,1872,472.8,5184,239,10.8,65.2,46.2,257.3
2019,2019_6_2,Chapman,Lake_Sed,400336,6468228,115.9458256,-31.91746374,6.15,3.008,36701,4.37,78.1,1584,0.079,126.3,9,66.6,127.4,36526,7.79,2797,59.8,29.7,4555,65,0.9,12143,45.9,24.3,478,90.8,1719,48,19.9,69.3,26.6,138.7
2019,2019_6_3,Chapman,Lake_Sed,400341,6468228,115.9458785,-31.91746417,6.26,3.25,32241,19.2,121.5,3766,0.14,143.3,9.1,58.4,386.5,50725,8.46,2490,77.8,27.5,4898,64,3.42,18093,47.8,21.8,2392,831.1,4000,204,11.4,70.2,35.1,191.6
2019,2019_6_4,Chapman,Lake_Sed,400349,6468226,115.9459629,-31.91748292,6.52,8.79,36723,5.39,81.3,1891,0.051,136.3,9.5,61.8,116.1,38565,8.51,2798,61.3,33.8,4867,75,1.15,14006,48.9,21.1,705,84.5,2075,72,19.6,68,29,156.2
2019,2019_6_5,Chapman,Lake_Sed,400356,6468229,115.9460372,-31.91745647,6.59,7.39,34334,NA,82.4,1872,0.096,161.4,10.2,58.2,99.5,41691,9.56,2720,79.9,35.3,4576,94,1.45,11670,54.9,22.4,610,71.2,2072,68,17.6,71.7,38.2,214.5
2019,2019_6_6,Chapman,Lake_Sed,400364,6468230,115.9461219,-31.91744815,6.37,10.52,35412,6.56,74.3,2980,0.115,106.3,19.2,59.6,260.6,72096,7.79,2924,55.1,34,5866,195,2.22,19469,40.3,38.8,1100,123.6,3404,77,16.9,69.2,25.1,344.1
2019,2019_6_7,Chapman,Lake_Sed,400370,6468229,115.9461853,-31.9174577,6.57,5,35372,4.75,82.9,2051,0.091,150.3,11.4,62.5,110.3,39637,8.98,2861,76.8,36.2,5232,107,1.2,13792,52,24.6,520,59,2190,63,19.8,73.1,34.5,195.2
2019,2019_6_8,Chapman,Lake_Sed,400378,6468229,115.9462699,-31.9174584,6.61,4.52,36609,4.43,79.1,2167,0.093,183.7,8.8,58.9,89.6,29020,10.84,2721,86.1,41,4435,97,1.08,12034,63.2,21.7,357,45.8,2023,62,18.7,66.5,41.9,126.9
2019,2019_6_9,Chapman,Lake_Sed,400387,6468228,115.946365,-31.91746821,6.63,8.85,33066,2.76,82,2006,0.083,133.2,12.8,60.1,101.9,40911,8.08,2896,67.1,33.1,4880,104,1.19,13685,47.5,25.4,501,50.4,2150,59,20,71.6,30.4,205.5
2019,2019_6_10,Chapman,Lake_Sed,400396,6468227,115.94646,-31.91747802,6.63,8.14,34278,6.88,81,2172,0.186,173.2,16.1,60.7,155,47101,10.14,3097,90.9,39.3,5215,105,1.36,13498,58.6,32.3,736,71.8,2508,74,18.2,71.8,42.4,405.4
2019,2019_5_1,Chapman,Lake_Sed,400315,6468224,115.9456031,-31.91749797,6.04,3.66,27240,26.72,58.3,3681,1.602,49.2,26.9,41.6,1007.8,55535,4.32,1721,23.6,19.4,3492,1399,3.52,10260,20.3,19.4,1453,241.4,2179,54,8.6,53.5,11.5,724.8
2019,2019_5_2,Chapman,Lake_Sed,400303,6468233,115.9454771,-31.91741574,6.21,2.312,44379,4.94,76.8,2811,0.175,168.1,9.5,66.1,97.7,32988,9.93,2918,75.6,39.1,3913,65,1.04,7626,58.9,25,374,44.3,1624,55,18.4,70.6,38,203.1
2019,2019_5_3,Chapman,Lake_Sed,400291,6468238,115.9453507,-31.91736958,5.82,2.379,44313,3.82,72,4825,0.285,189.6,14.2,65.6,225.4,46019,12.04,2868,88.7,43.7,4598,95,1.29,10098,69.1,30.6,804,63.6,3212,75,16.5,78.6,47.9,320.3
2019,2019_5_4,Chapman,Lake_Sed,400286,6468239,115.9452979,-31.91736012,5.93,3.14,48376,5.17,59,4150,0.262,145.9,13.3,66.5,192.8,34992,9.19,3118,69.1,41.3,4835,84,1.64,13074,53.9,34.7,580,53.3,3110,63,17.4,67.6,33.7,333
2019,2019_5_5,Chapman,Lake_Sed,400279,6468245,115.9452245,-31.91730538,5.76,1.805,44878,6.77,60,3940,0.276,187.8,14.1,64.9,213,37555,11.43,3060,90.6,45.9,5223,88,1.41,14117,67.2,33.3,525,47.7,3107,69,16.6,70.9,47,286.1
2019,2019_5_6,Chapman,Lake_Sed,400268,6468252,115.9451089,-31.91724128,5.76,3.21,44975,3.09,57.9,4490,0.29,221.1,15.2,62.8,179.7,43310,13.64,2995,104.3,51.6,5386,97,1.64,14573,80.3,32.6,462,44.6,3487,75,14.4,73.1,56.9,340.5
2019,2019_5_7,Chapman,Lake_Sed,400259,6468257,115.9450142,-31.91719538,5.89,2.297,50293,4.82,58.9,2434,0.196,186.7,12.5,70,92.5,46872,11.72,2902,93.1,54.7,4573,84,3.52,10559,67.8,31.1,419,29.4,1714,57,17.4,81.8,48.8,206.6
2019,2019_5_8,Chapman,Lake_Sed,400253,6468262,115.9449513,-31.91714975,5.71,2.005,42915,3.48,53.2,3852,0.143,179.2,12.6,61.4,92.7,48186,11.98,2882,86.1,44.6,4834,89,4.52,12571,67.6,29.9,427,30.7,3240,68,15.2,78.3,47.6,197.7
2019,2019_5_9,Chapman,Lake_Sed,400242,6468273,115.9448361,-31.91704956,5.92,6.34,38688,6.98,64.3,8266,0.273,111.9,18.7,50.1,82.3,92816,9.6,2560,52,36.8,6034,167,6.9,15902,46.3,25.4,365,24.8,6998,115,11.9,67.9,31.8,322.7
2019,2019_7_1,Chapman,Drain_Sed,400510,6468319,115.9476751,-31.91665813,6.8,0.1277,19528,4.52,31.9,2938,0.078,50.1,7.4,38.8,17.8,25319,3.7,531,23.9,6.8,750,60,0.53,221,20.8,12.8,142,19.6,583,13,10.2,50.7,10.6,37.4
2019,2019_7_2,Chapman,Drain_Sed,400504,6468308,115.9476105,-31.91675683,7.14,0.1509,10855,17.23,35.8,2293,0.476,21.5,10.8,39.3,215.2,27093,2.03,313,10.8,6.5,765,60,1.22,362,9.2,16.8,773,121.1,2386,17,4,28.3,4.9,534.9
2019,2019_7_3,Chapman,Drain_Sed,400492,6468314,115.9474842,-31.91670166,7.5,0.2464,26290,10.12,48.1,1938,0.125,49,11.7,30.3,40.5,53547,5.07,1369,19,28.4,1382,73,3.13,602,25,20.2,182,24.2,1529,26,8.8,42.8,9.1,70.3
2019,2019_7_4,Chapman,Drain_Sed,400488,6468317,115.9474422,-31.91667425,7.62,0.014,34671,11.82,49.3,2812,0.168,116,11.4,38.6,59.9,40807,9.98,1569,40.5,40.8,1583,57,3.69,633,54.1,22.7,376,42.5,3408,40,9.1,47.5,23.6,152.2
2019,2019_7_5,Chapman,Drain_Sed,400483,6468321,115.9473898,-31.91663773,7.07,0.2504,11625,27.67,33.1,1722,0.699,29.8,17.6,19.6,171,67192,3.51,510,15.6,8.5,864,67,1.4,347,12.9,16.2,279,85,9523,16,5.4,31.2,7.7,432.6
2019,2019_7_6,Chapman,Drain_Sed,400473,6468324,115.9472843,-31.91660979,6.65,0.122,8844,20.16,19,1044,0.31,9.8,10.1,14.5,148,39469,1.72,225,5.2,4,339,40,0.94,161,4.7,14.6,226,47.6,3906,9,3.8,27.5,2.3,247.8
2019,2019_7_7,Chapman,Drain_Sed,400453,6468339,115.9470744,-31.91647273,6.91,0.1647,7857,7.99,15,1793,0.093,15,4.1,13.6,28.3,20529,1.53,221,7.1,3.8,325,37,0.74,193,6.6,5.2,170,18.2,1858,11,4.4,22.4,2.8,45.8
2019,2019_7_8,Chapman,Drain_Sed,400439,6468346,115.946927,-31.91640836,6.73,0.1687,10996,14.53,33.1,1489,0.509,21.1,10.9,28.5,65.7,45327,2.37,363,10.1,7,679,63,3.99,361,10.2,13.4,448,39.1,5399,16,5.6,38.6,4.1,318.5
2019,2019_7_9,Chapman,Drain_Sed,400422,6468331,115.9467457,-31.91654218,6.78,0.1548,8548,9.3,38.1,1344,0.377,19.1,5.9,23.1,44.4,38217,2.08,375,10.2,5.4,638,40,3.72,308,8.8,6.9,399,32.1,4803,13,8.4,37.6,2.8,168.9
2019,2019_8_1,NA,Saltmarsh,400167,6467930,115.9440076,-31.92013697,5.89,1.346,22508,2.07,61.7,4757,0.292,61.6,13.6,50.3,44.1,29662,4.19,1761,30.7,11.7,3855,583,1.02,5185,24.1,21.8,748,42.4,1506,49,10.5,56.3,12.2,157.7
2019,2019_9_1,NA,Saltmarsh,400178,6467970,115.944128,-31.91977712,5.75,0.46,38772,4.26,79,1850,0.088,112.3,17.4,77.2,44.1,44104,7.71,2197,57.2,19.3,3599,600,1.33,2050,45.4,31.6,479,42.6,601,39,17.4,90.3,23.3,62.6
2019,2019_10_1,NA,Saltmarsh,400229,6468075,115.9446782,-31.91883446,6.77,7.94,42774,2.24,94.5,3069,0.104,100.2,11.9,79.8,170.8,35332,7,3050,51.1,35.3,4886,93,1.17,11534,41,29.2,376,60.6,2759,55,22.8,80.8,22,210.9
2020,2020_1_1,Woolcock,Lake_Sed,400020,6468160,115.9424766,-31.91804935,6.63,21.17,24992,8,50,1760,NA,39,9,39,20,33454,4,1329,20,24,1900,60,4,2453,17,10,173,18,7215,23,12,54,8,417
2020,2020_1_2,Woolcock,Lake_Sed,400030,6468146,115.9425809,-31.91817651,5.87,9.42,24200,10,43,1643,NA,76,9,32,14,48046,6,1152,37,31,1458,92,7,2056,30,10,261,25,2920,22,8,55,16,254
2020,2020_1_3,Woolcock,Lake_Sed,400030,6468154,115.9425818,-31.91810435,6.26,18.84,23742,7,65,1716,NA,36,10,34,26,27926,3,1226,19,27,1825,55,6,1930,15,9,206,22,8403,31,12,51,7,452
2020,2020_1_4,Woolcock,Lake_Sed,400030,6468162,115.9425826,-31.91803219,6.41,18.72,25611,13,88,3690,1,60,51,38,43,52242,6,1521,32,26,3043,95,5,4597,24,17,699,33,30855,123,9,58,14,3781
2020,2020_1_5,Woolcock,Lake_Sed,400030,6468170,115.9425834,-31.91796002,6.46,14.55,21520,7,37,1316,NA,47,7,33,14,34561,4,1128,23,21,1461,59,4,2131,21,8,177,16,4182,18,10,50,9,435
2020,2020_1_6,Woolcock,Lake_Sed,400045,6468136,115.9427386,-31.91826804,6.51,15.07,35056,3,33,1476,NA,80,6,43,25,17475,5,1634,39,41,1989,42,1,2266,29,15,186,23,1655,24,12,43,15,281
2020,2020_1_7,Woolcock,Lake_Sed,400045,6468144,115.9427394,-31.91819587,6.51,16.3,29817,3,33,1340,NA,68,6,36,13,18023,5,1357,32,43,1627,45,2,1593,25,12,147,22,2505,20,11,43,13,288
2020,2020_1_8,Woolcock,Lake_Sed,400045,6468152,115.9427402,-31.91812371,7.08,15.35,28660,6,49,2522,NA,58,16,42,48,30616,5,1556,29,33,2505,66,4,2718,23,13,296,32,17984,49,12,55,12,780
2020,2020_2_1,Woolcock,Lake_Sed,400045,6468160,115.942741,-31.91805155,6.36,12.47,36928,4,38,6134,NA,65,9,52,30,23495,4,2052,36,32,3533,70,1,4819,23,17,398,28,2522,58,12,53,12,439
2020,2020_2_2,Woolcock,Lake_Sed,400045,6468168,115.9427419,-31.91797938,6.35,12.35,2857,5,28,1014,NA,3,3,50,13,16892,1,144,3,2,1006,495,3,1148,2,11,113,7,472,10,1,8,2,76
2020,2020_2_3,Woolcock,Lake_Sed,400045,6468176,115.9427427,-31.91790722,6.83,11.88,49495,9,74,2245,NA,61,14,58,21,36888,4,2125,35,27,1935,66,4,381,22,17,326,44,492,22,11,74,10,615
2020,2020_2_4,Woolcock,Lake_Sed,400045,6468184,115.9427435,-31.91783506,6.67,12.82,41810,8,72,6857,NA,69,21,51,28,38213,5,1432,37,33,2006,87,3,731,26,17,482,43,1232,39,7,67,13,1216
2020,2020_2_5,Woolcock,Lake_Sed,400060,6468158,115.9428995,-31.91807091,6.85,10.68,5723,2,23,10304,NA,8,2,19,18,8220,1,655,5,2,806,79,1,291,2,5,275,21,444,27,3,13,2,118
2020,2020_2_6,Woolcock,Lake_Sed,400060,6468166,115.9429003,-31.91799875,6.62,13.81,30552,13,39,48460,NA,40,47,21,26,47862,3,456,36,3,2221,180,2,1720,10,11,876,41,7354,107,1,29,10,4227
2020,2020_2_7,Woolcock,Lake_Sed,400060,6468174,115.9429011,-31.91792658,6.52,14.08,20261,9,31,29390,NA,29,110,19,25,35085,3,1202,27,4,4453,215,2,8008,7,17,1045,39,20442,123,NA,21,7,7510
2020,2020_2_8,Woolcock,Lake_Sed,400060,6468182,115.9429019,-31.91785442,6.24,5.23,42994,3,41,2840,NA,113,11,57,38,20546,7,2612,52,44,3595,46,2,7042,42,20,230,29,4880,41,12,58,25,709
2020,2020_2_9,Woolcock,Lake_Sed,400060,6468190,115.9429028,-31.91778226,6.72,8.52,24962,8,27,1315,NA,34,13,44,20,24299,3,1497,17,25,1965,69,5,2518,14,12,106,12,14932,19,15,51,6,709
2020,2020_3_0,Woolcock,Lake_Sed,400060,6468198,115.9429036,-31.91771009,6.71,9.96,32539,5,27,1529,NA,75,11,43,19,21744,5,1884,35,38,2278,47,2,2395,28,13,95,24,9001,23,13,53,16,545
2020,2020_3_1,Woolcock,Lake_Sed,400060,6468206,115.9429044,-31.91763793,6.74,11.92,33809,8,23,1866,NA,79,15,42,19,30943,6,1550,37,39,1898,50,5,1031,31,12,166,26,8135,23,12,65,16,996
2020,2020_3_2,Woolcock,Lake_Sed,400075,6468203,115.9430627,-31.91766631,6.55,16.51,21683,14,46,6097,1,31,89,33,63,60477,4,1560,21,21,4051,131,7,7612,14,19,566,99,76633,77,5,46,8,5808
2020,2020_3_3,Woolcock,Lake_Sed,400075,6468211,115.9430636,-31.91759415,6.55,15.43,17017,13,47,8419,NA,37,45,30,39,56052,4,2526,24,12,2426,166,6,4996,14,16,869,56,51866,57,1,52,9,3387
2020,2020_4_1,Chapman,Lake_Sed,400220,6468210,115.9445969,-31.91761592,6.12,2.496,45594,9,49,3712,NA,119,12,84,212,39937,8,4409,59,46,5038,68,2,13146,44,29,536,46,4364,53,21,84,26,208
2020,2020_4_2,Chapman,Lake_Sed,400225,6468235,115.9446524,-31.91739085,6.3,2.149,48622,7,55,5164,NA,177,14,77,161,40402,12,4559,86,45,5860,74,1,13814,61,28,489,39,4450,65,19,82,41,305
2020,2020_4_3,Chapman,Lake_Sed,400240,6468205,115.9448079,-31.91766278,5.76,2.329,46989,7,44,4425,NA,137,12,76,202,33893,9,4413,67,38,5547,75,1,13530,49,26,469,51,3255,56,22,81,30,262
2020,2020_4_4,Chapman,Lake_Sed,400240,6468213,115.9448088,-31.91759061,4.65,6.32,43153,7,41,4582,NA,129,11,73,184,33025,8,4178,65,35,5570,76,1,14840,46,24,449,51,3742,53,22,80,29,227
2020,2020_4_5,Chapman,Lake_Sed,400240,6468221,115.9448096,-31.91751845,5.65,2.327,43735,7,49,5046,NA,138,15,70,198,35250,9,4384,67,38,5760,84,2,15141,48,25,408,42,4296,58,19,79,30,310
2020,2020_4_6,Chapman,Lake_Sed,400240,6468229,115.9448104,-31.91744629,5.87,1.676,41685,9,48,6555,NA,137,17,69,278,38271,9,4485,66,38,6142,105,2,17335,48,27,435,50,6142,73,18,83,31,353
2020,2020_4_7,Chapman,Lake_Sed,400240,6468237,115.9448112,-31.91737412,6,1.156,45013,7,52,5688,NA,163,15,71,230,37194,10,4360,80,41,5747,89,2,16070,56,27,465,48,5203,66,18,80,38,303
2020,2020_4_8,Chapman,Lake_Sed,400240,6468245,115.9448121,-31.91730196,5.84,3.09,47600,7,55,5689,NA,253,14,74,138,40681,15,4740,126,48,6071,81,2,13784,87,27,456,40,3558,70,16,83,62,246
2020,2020_5_1,Chapman,Lake_Sed,400240,6468253,115.9448129,-31.9172298,6.12,5.67,47881,6,53,5643,NA,271,11,70,113,35236,18,3874,120,47,5487,73,2,13956,98,27,442,41,4385,66,13,81,67,175
2020,2020_5_2,Chapman,Lake_Sed,400240,6468261,115.9448137,-31.91715763,6.58,1.186,50959,7,55,4759,NA,212,12,73,108,38332,13,4069,105,48,5550,79,2,14102,75,28,439,36,3168,63,18,81,51,172
2020,2020_5_3,Chapman,Lake_Sed,400240,6468269,115.9448145,-31.91708547,5.57,0.1743,44622,10,55,4832,NA,172,15,60,83,50300,13,3552,80,47,5001,90,6,13061,65,25,409,27,3671,67,14,78,45,225
2020,2020_5_4,Chapman,Lake_Sed,400240,6468277,115.9448154,-31.91701331,5.98,0.432,42096,15,68,5676,NA,150,24,56,104,65764,12,3636,72,41,6873,134,6,18085,58,24,436,28,4972,92,13,73,41,472
2020,2020_5_5,Chapman,Lake_Sed,400260,6468210,115.94502,-31.91761943,7.74,0.415,42553,8,45,3785,NA,129,11,77,249,34131,8,3796,64,33,4625,69,2,9370,47,27,502,64,2646,51,21,83,27,309
2020,2020_5_6,Chapman,Lake_Sed,400260,6468218,115.9450208,-31.91754727,7.54,4.12,43836,9,48,6909,NA,130,16,77,282,37738,9,4471,64,36,6045,115,2,17715,45,31,579,65,5338,70,21,84,29,532
2020,2020_5_7,Chapman,Lake_Sed,400260,6468226,115.9450216,-31.9174751,5.9,9.7,40271,7,52,5443,NA,134,16,66,245,37118,9,4191,67,36,5893,105,1,15499,47,24,476,52,4193,63,19,79,30,358
2020,2020_5_8,Chapman,Lake_Sed,400260,6468234,115.9450224,-31.91740294,6.42,6.83,54517,7,77,4566,NA,214,17,77,148,41587,13,4613,105,52,5652,92,1,13780,71,30,540,45,3572,65,19,91,52,315
2020,2020_6_1,Chapman,Lake_Sed,400260,6468242,115.9450233,-31.91733078,3.82,3.32,48974,6,58,5443,NA,177,15,72,203,33390,11,4298,86,45,5529,98,1,14008,61,29,437,48,3710,66,18,81,42,294
2020,2020_6_2,Chapman,Lake_Sed,400260,6468250,115.9450241,-31.91725861,5.71,2.364,49015,6,50,5906,NA,205,15,70,176,37939,13,4025,98,47,5956,98,2,15669,73,29,516,50,4503,70,16,84,50,294
2020,2020_6_3,Chapman,Lake_Sed,400260,6468258,115.9450249,-31.91718645,5.17,1.455,50752,7,64,4819,NA,182,19,73,188,41735,12,4144,91,50,6219,124,2,14767,64,31,501,41,3271,70,18,82,45,351
2020,2020_6_4,Chapman,Lake_Sed,400260,6468266,115.9450257,-31.91711429,NA,NA,46728,9,57,3787,NA,200,22,66,185,45457,13,4044,101,49,6372,148,2,17603,70,31,480,42,2796,67,15,78,49,394
2020,2020_6_5,Chapman,Lake_Sed,400280,6468218,115.9452323,-31.91754902,4.07,11.3,37424,8,55,4844,NA,143,12,61,300,36158,9,4038,69,33,6175,66,1,17390,50,22,571,60,4758,62,17,77,31,319
2020,2020_6_6,Chapman,Lake_Sed,400280,6468226,115.9452331,-31.91747686,4.43,8.81,40080,8,60,4446,NA,163,12,65,260,36673,10,4093,75,35,5845,76,1,17103,57,23,565,62,3316,63,18,79,36,269
2020,2020_6_7,Chapman,Lake_Sed,400280,6468234,115.945234,-31.9174047,5.34,14.28,49213,8,61,7500,NA,145,19,68,224,34054,9,4165,71,42,6272,125,1,16021,50,31,616,50,5348,84,18,73,32,445
2020,2020_6_8,Chapman,Lake_Sed,400280,6468242,115.9452348,-31.91733253,6.31,14.94,44453,7,54,6424,NA,154,16,65,251,32664,10,3991,76,44,6431,95,1,18681,53,28,529,52,5176,77,17,71,36,313
2020,2020_6_9,Chapman,Lake_Sed,400280,6468250,115.9452356,-31.91726037,6.11,14.62,46106,8,61,5229,NA,237,18,65,188,41811,15,3633,115,52,5704,134,2,15219,81,30,610,47,3820,72,14,80,59,364
2020,2020_7_1,Chapman,Lake_Sed,400280,6468258,115.9452364,-31.91718821,6.21,15.53,47090,7,77,3950,NA,159,11,67,327,32392,10,3913,74,40,4583,78,2,9708,54,26,742,72,2914,68,17,71,33,283
2020,2020_7_2,Chapman,Lake_Sed,400280,6468266,115.9452373,-31.91711604,6.34,16.3,44070,9,69,4735,NA,195,18,65,240,44838,12,3857,106,47,6425,123,2,18283,66,31,662,57,3682,88,16,76,49,401
2020,2020_7_3,Chapman,Lake_Sed,400300,6468230,115.9454451,-31.91744253,6.2,20.2,41629,6,51,6174,NA,182,12,62,191,29229,11,3756,86,44,5634,79,2,16082,62,26,509,49,4743,71,17,70,43,245
2020,2020_7_4,Chapman,Lake_Sed,400300,6468238,115.9454459,-31.91737037,5.96,17.31,47531,6,76,2755,NA,192,13,72,169,34934,12,3661,90,42,4656,83,1,10454,65,27,575,57,1573,54,20,75,42,303
2020,2020_7_5,Chapman,Lake_Sed,400300,6468246,115.9454467,-31.91729821,6.79,14.01,50549,7,79,3966,NA,253,16,70,179,37523,14,3629,125,54,5484,102,1,14029,81,31,692,61,2977,71,15,78,62,330
2020,2020_7_6,Chapman,Lake_Sed,400300,6468254,115.9454475,-31.91722604,6.04,15.15,43279,9,69,4365,NA,206,16,66,264,37291,12,3705,104,46,5639,113,1,14331,68,31,861,71,2857,76,17,77,50,331
2020,2020_7_7,Chapman,Lake_Sed,400300,6468262,115.9454484,-31.91715388,6.3,15.9,43838,9,77,5387,NA,193,24,61,311,43134,12,3889,99,50,6491,106,2,20574,65,34,738,58,4385,108,13,69,47,509
2020,2020_7_8,Chapman,Lake_Sed,400320,6468252,115.9456588,-31.91724584,6.35,15.13,39334,22,76,5608,NA,129,27,57,541,52837,9,3751,66,40,6624,99,2,24118,45,31,2004,164,5142,106,11,66,33,812
2020,2020_8_1,SouthChap,Lake_Sed,400028.42,6468079.4,115.9425574,-31.91877713,5.32,22.1,49622,9,76,1973,NA,110,19,76,92,38689,7,3704,59,40,6016,87,1,22392,41,27,411,32,2952,45,22,85,23,449
2020,2020_8_2,SouthChap,Lake_Sed,400015.33,6468079.3,115.9424189,-31.91877688,5.18,21.34,42751,8,87,2239,NA,112,16,70,67,39498,8,3745,60,40,7808,96,2,33669,42,24,408,36,3915,55,22,87,24,437
2020,2020_8_3,SouthChap,Lake_Sed,400042.25,6468080.1,115.9427037,-31.91877203,4.53,24.61,38420,10,49,2139,NA,97,17,64,112,46536,7,3058,52,35,4905,57,3,17601,37,22,489,40,2961,42,19,80,21,429
2020,2020_8_4,SouthChap,Saltmarsh,400055.38,6468076.1,115.9428421,-31.91880927,5.46,11.8,40612,9,57,2680,NA,108,14,70,105,46525,7,3307,58,35,5643,105,4,20501,41,23,578,42,2998,48,19,85,24,203
2020,2020_8_5,SouthChap,Saltmarsh,400063.48,6468070.4,115.9429272,-31.9188614,6.13,20.42,34905,16,78,2855,NA,45,12,58,272,49340,4,3141,27,30,5960,45,13,26472,20,18,694,74,11042,78,17,77,9,250
2020,2020_8_6,SouthChap,Saltmarsh,400074.14,6468070,115.9430399,-31.91886595,5.5,24.16,45262,10,53,2330,NA,106,15,77,250,40146,7,3703,55,36,4857,70,3,13033,39,24,575,66,8052,45,24,88,22,293
2020,2020_8_7,SouthChap,Drain_Sed,400082.36,6468071.2,115.943127,-31.91885585,6.58,21.87,18522,51,115,5282,NA,23,24,31,233,121037,8,2376,25,16,6564,289,5,26733,18,13,3856,75,4348,132,4,96,11,607
2020,2020_9_1,SouthChap,Drain_Sed,400092.32,6468065.7,115.9432317,-31.91890633,6.95,28.92,17140,43,97,4853,NA,15,14,27,152,117888,7,2471,21,14,7006,130,4,31391,15,13,3403,52,6075,111,3,73,9,588
2020,2020_9_2,SouthChap,Drain_Sed,400100.96,6468062.6,115.9433228,-31.91893506,6.83,21.45,17994,38,89,7607,NA,24,28,31,179,100359,6,2742,23,15,8777,693,5,32611,14,17,2902,70,4894,163,3,73,10,715
2020,2020_9_3,SouthChap,Drain_Sed,400105.5,6468056.7,115.9433702,-31.91898868,6.23,21.5,27041,24,103,7366,NA,47,75,45,156,63235,5,3252,31,20,8763,3503,4,29244,18,27,2257,66,5328,131,6,80,13,740
2020,2020_9_4,SouthChap,Drain_Sed,400110.08,6468047.6,115.9434177,-31.91907117,7.24,19.38,16050,62,173,11237,NA,10,20,25,122,129609,7,2067,21,16,7205,418,4,22671,14,12,7020,105,6432,254,3,78,9,736
2020,2020_9_5,SouthChap,Drain_Sed,400112.23,6468038.1,115.9434395,-31.91915705,5.88,11.5,31852,14,51,6890,NA,48,14,52,93,44322,4,2945,31,23,9771,402,1,32288,20,19,1416,50,5363,114,9,66,12,354
2020,2020_9_6,SouthChap,Drain_Sed,400111.38,6468029,115.9434295,-31.91923906,5.68,20.45,34262,32,51,6495,1,82,30,60,220,57672,7,3367,46,34,6500,182,3,20711,31,24,1484,133,17092,86,15,83,20,625
2020,2020_9_7,SouthChap,Saltmarsh,400086.78,6468078.5,115.9431745,-31.91879039,4.69,22.34,49723,8,74,2722,NA,124,18,81,128,33523,8,3413,64,35,5257,160,2,13182,46,27,540,63,2814,51,25,89,25,217
2020,2020_10_1,SouthChap,Saltmarsh,400093.84,6468083.4,115.9432497,-31.91874681,5.5,13.81,15673,41,78,5190,NA,24,25,23,226,113411,7,2505,27,12,7579,297,8,34588,17,12,2789,38,5741,111,2,70,12,354
2020,2020_10_2,SouthChap,Saltmarsh,400103.11,6468091.5,115.9433485,-31.91867456,5.77,24.04,35424,10,69,3780,NA,70,13,58,267,35030,5,3455,40,28,7204,74,6,31106,28,20,802,65,6291,84,15,89,15,216
2020,2020_10_3,SouthChap,Lake_Sed,400109.55,6468102,115.9434177,-31.91858041,5.02,28.27,50436,10,70,2603,NA,107,22,78,224,48654,8,4247,58,39,5224,73,1,14602,41,29,481,46,2865,48,22,85,23,448
2020,2020_10_4,SouthChap,Lake_Sed,400123.97,6468100,115.94357,-31.91859972,4.65,47,46277,9,80,2930,NA,117,22,73,173,48533,8,4523,65,37,6802,95,1,22175,43,27,433,42,3471,53,20,80,25,493
2020,2020_10_5,SouthChap,Lake_Sed,400134.49,6468094.8,115.9436807,-31.91864755,4.94,13.26,46716,10,85,2106,NA,95,16,72,357,38859,7,3965,51,34,6274,74,2,23701,36,25,591,72,3380,63,20,77,20,254
2020,2020_10_6,SouthChap,Saltmarsh,400075.03,6468094.5,115.9430519,-31.91864503,NA,NA,11927,14,69,31350,NA,15,36,17,169,62650,3,3622,14,11,20745,126,3,95761,6,15,571,36,42346,512,4,28,6,367
2020,2020_10_7,SouthChap,Saltmarsh,400064.99,6468107.7,115.942947,-31.91852507,NA,NA,9315,35,105,7411,NA,6,7,21,98,105240,6,3286,11,8,11687,27,10,72279,10,6,2209,27,12182,126,1,93,5,246
2021,2021_1_1,Chapman,Saltmarsh,400216,6468016,115.9445347,-31.91936552,5.33,9.43,27243,6.8,72,1914,0.115,125.6,12.9,62.3,38,37459,8.1,3294,66.6,21.2,3981,231.1,1.9,11678,48.3,23,430,37.4,1640,46.5,19.7,82.4,30.6,57.6
2021,2021_1_2,Chapman,Saltmarsh,400277,6468012,115.9451794,-31.91940696,5.66,9.7,30559,0.9,47,1146,0.109,118.7,8.1,58,31,35628,8.3,3085,53.5,29.5,3424,87.6,3.4,12267,47.6,19,346,27,1307,32.8,18.9,81.2,29.2,40.6
2021,2021_1_3,Chapman,Saltmarsh,400310,6468007,115.9455279,-31.91945496,5.94,8,30793,3.3,44,1289,0.113,116.6,8.7,61.2,33,35626,8.1,3378,49.7,26.5,3261,154.8,2.7,10497,47,17,302,31.5,1088,31.8,20.7,84.7,27.7,45.5
2021,2021_1_4,Chapman,Saltmarsh,400365,6468009,115.9461098,-31.91944175,5.99,8.78,21642,3,56,1638,0.083,148,8.8,52.4,32,29705,8.4,2885,84.9,24.5,3053,146.9,2.4,10629,52.7,18,324,28,1227,36.1,17.3,73.5,38.2,42.6
2021,2021_1_5,Chapman,Saltmarsh,400446,6468014,115.9469669,-31.91940375,4.91,8.55,34121,1.3,91,1313,0.087,131.8,7.2,59.6,40,37687,9.6,3744,57.1,30,3174,80.9,2.8,10623,56.2,20,353,22,3313,100.6,18.4,80.1,29.3,24.4
2021,2021_2_1,Chapman,Saltmarsh,400149,6467984,115.9438228,-31.91964829,5.54,13.97,28369,2.9,49,1890,0.127,94.9,16.9,62.4,80,36581,6.3,3196,46.7,22,4496,556.2,1.3,15454,38.2,22,477,47.7,1693,41.5,20.7,79.1,19.8,112
2021,2021_2_2,Chapman,Saltmarsh,400271,6467978,115.9451124,-31.91971313,4.97,11.71,29631,1.6,37,632,0.108,95.3,7.3,56.3,30,42846,7.8,2975,37,34.4,3094,136.7,6.3,13550,42.3,14,313,24.7,1434,20.8,20,92.2,22.2,17.6
2021,2021_2_3,Chapman,Saltmarsh,400329,6467985,115.9457266,-31.91965508,4.66,15.51,30010,NA,27,662,0.092,78,6.1,54.4,28,34346,6.6,2835,28.7,29.1,3564,78.3,3.4,14930,36.6,14,258,24.8,1550,20.4,17.6,83.2,16.6,21.7
2021,2021_2_4,Chapman,Saltmarsh,400383,6467960,115.9462951,-31.91988533,5.06,12.27,29401,NA,43,823,0.109,137.3,9.2,58.5,30,37686,9.1,2946,62.9,29.8,3738,171.9,2.6,13807,52.4,17,294,29,1469,27.6,18.7,82.4,36.3,27.3
2021,2021_2_5,Chapman,Saltmarsh,400427,6467985,115.946763,-31.91966367,4.35,12.43,34617,2.8,75,829,0.099,98.2,9.4,56.9,25,40687,8.4,3144,39.9,39.1,3179,57.9,2.8,14381,44.9,28,289,22,2667,67.5,18,84.8,20.9,21.4
2021,2021_3_1,Chapman,Saltmarsh,400380,6468248,115.946293,-31.91728719,7.61,3.27,12406,NA,26,2704,0.089,17.7,3.3,21.2,38,12229,1.4,1065,9.6,4.7,1510,2014.2,0.3,4117,7.3,6,81,15.3,380,25.6,6.1,13.7,3,65.2
2021,2021_3_2,Chapman,Saltmarsh,400395,6468248,115.9464516,-31.9172885,8.36,3.28,14042,6.7,65,12125,0.375,21.5,6.6,79,132,38650,2.4,1322,12.8,5.5,4773,3330.7,1.8,4306,10.6,22,258,36.8,458,64.8,5.3,24.1,4.7,133.2
2021,2021_3_3,Chapman,Saltmarsh,400407,6468248,115.9465785,-31.91728956,7.35,2.59,11527,3.8,22,961,0.176,14.6,4.6,30.4,105,28965,1.5,766,8.5,4.3,1010,1447.7,0.7,4066,6.1,14,228,34.7,619,16,4.9,16.5,2.5,109.3
2021,2021_3_4,Chapman,Saltmarsh,400415,6468260,115.9466644,-31.91718201,6.42,7.63,32704,NA,97,1748,0.098,174.6,9,65.2,62,38327,10.9,3605,81.6,34.3,3838,105.8,1.2,12259,65.2,25,329,31.6,1457,79,23.2,79.3,41,124.5
2021,2021_3_5,Chapman,Saltmarsh,400423,6468272,115.9467502,-31.91707447,5.62,9.04,32771,4.1,118,1575,0.096,216.2,6.8,58.2,36,39643,16.3,3869,78.7,33.8,3647,64.1,1.9,12594,94.1,21,438,28.7,2677,151.6,15.8,77.5,48,50.9
2021,2021_4_1,Chapman,Saltmarsh,400431,6468284,115.946836,-31.91696693,5.67,7.76,34149,13.9,75,1821,0.194,248.3,7.6,47.7,204,57748,13.2,2595,121.7,32.5,3089,53.2,2.5,11047,76.3,19,1848,108.1,2135,63.8,16.5,61.8,60.2,191.2
2021,2021_4_2,Chapman,Saltmarsh,400439,6468296,115.9469219,-31.91685938,5.92,8.23,26072,20.1,78,2169,0.48,121.9,13.3,38,312,99194,9.6,2608,62.9,28.8,3355,72.2,4.1,13322,43.3,20,2231,120.9,2771,85.5,13.9,59.6,29.6,342.8
2021,2021_4_3,Chapman,Saltmarsh,400447,6468308,115.9470077,-31.91675184,5.85,6.32,34004,6.2,62,2347,0.126,155.9,5.7,49,153,31586,10.3,2809,68.4,36.6,3772,39.3,2.9,14064,60.6,18,963,53.9,2463,70.3,12.8,63.8,38.9,113.1
2021,2021_4_4,Chapman,Saltmarsh,400455,6468320,115.9470936,-31.91664429,5.9,4.65,30146,13.6,59,3121,0.209,165.6,5.8,39.6,271,33438,10.8,2290,73.8,31,3707,37.9,3.9,14486,61.6,19,1935,101.5,3642,80.2,9.2,56.7,41.5,216
2021,2021_4_5,Chapman,Saltmarsh,400190,6468090,115.9442673,-31.91869573,5.86,6.7,15304,8.9,123,1790,0.589,36.9,9.9,27.1,139,44050,3.7,1472,14.5,15.2,2479,59.3,6.8,8975,15.9,8,373,42.4,7988,41.9,10.2,48.3,7.8,341
2021,2021_5_1,Chapman,Saltmarsh,400440,6468317,115.9469346,-31.91667004,5.67,10.18,18988,23.5,49,2946,0.215,92.7,7.6,25.8,314,51813,6.7,1397,43.2,13.6,2646,60.3,2.8,10249,35,13,2060,116.2,3437,66,6,34.6,26.3,225.3
2021,2021_5_2,Chapman,Saltmarsh,400472,6468321,115.9472734,-31.91663676,6.33,0.12,6068,25.1,23,2152,0.165,11.7,7.3,13.8,149,43494,2,348,6.2,2.9,527,70,1.2,221,5.9,7,547,57.2,919,15.8,2.2,17.8,3.2,144.3
2021,2021_5_3,Chapman,Lake_Sed,400389,6468265,115.9463899,-31.91713463,5.49,5.58,35628,3.2,118,1192,0.078,217.8,7.7,54.2,141,37073,13.5,3194,93.4,51.5,3028,45.4,2,7564,78.5,22,602,36.7,1468,103.2,19.9,70,53.4,81.7
2021,2021_5_4,Chapman,Saltmarsh,400447,6468269,115.9470037,-31.91710363,4.43,17.1,29508,4.6,93,779,0.078,98,5,56.2,58,39619,7.9,3765,40.6,21.5,4832,50.5,1.1,21611,44.5,16,386,26.8,3687,76.3,16.8,72.1,18.9,21.9
2021,2021_5_5,Chapman,Saltmarsh,400475,6468289,115.9473019,-31.91692568,5.25,3.12,30408,12.8,191,1951,0.298,112.1,16,66.9,140,69310,8.2,2713,56.3,19.2,3217,337.9,4.6,6319,44.9,50,402,91.5,1662,58.5,15.3,73.3,24,164.8
2021,2021_5_6,Chapman,Saltmarsh,400517,6468291,115.9477463,-31.91691132,6.73,0.22,28926,7,104,2998,0.259,85.6,13.4,52.2,155,39010,6.1,2799,46.5,15.6,2842,375.4,3.2,1826,35.3,19,648,72.3,1620,111.7,14.7,65.9,17.5,172.7
2021,2021_6_1,Chapman,Saltmarsh,400331,6468227,115.9457726,-31.91747232,6.06,11.34,33250,22.1,98,2374,0.213,140.2,9.5,53.5,282,56920,8.7,3498,71.9,36.2,3856,55.9,5.7,15158,47.5,20,2412,629.7,2779,165.6,14.8,63.6,36.1,295.9
2021,2021_6_2,Chapman,Saltmarsh,400368,6468205,115.9461616,-31.91767401,6.3,12.21,33208,8.3,72,1890,0.147,139.2,16.1,66.6,144,50323,8.5,3940,80.9,34,5398,97.6,1.4,16737,50,33,926,54.6,2758,45.9,23.9,80.6,31,133.9
2021,2021_6_3,Chapman,Saltmarsh,400432,6468225,115.9468406,-31.91749922,6.41,13.36,29753,5,82,3301,0.114,159.8,12.6,56.4,170,32387,10.5,3754,75.6,35.8,4854,113.4,1.7,17533,62.3,28,1061,137.9,2870,133.5,15.4,66.1,40.9,208.7
2021,2021_7_1,Chapman,Saltmarsh,400518,6468224,115.94775,-31.91751577,5.69,2.82,28382,4.7,75,1581,0.106,117.6,10.1,54.7,74,33856,7.6,2771,60.6,16.7,2915,128.2,2,5185,47.5,20,491,36,1372,63.1,15,67.5,26.4,50.1
2021,2021_7_2,Chapman,Saltmarsh,400568,6468216,115.9482779,-31.91759232,4.73,6.89,31320,4.2,94,1361,0.087,108.8,5.1,54.7,64,36208,8.3,3843,50.7,22.9,3256,46.9,2.5,11586,48.1,17,485,26.2,3600,115.9,15.6,71.1,23.1,25
2021,2021_7_3,Chapman,Saltmarsh,400267,6468153,115.9450881,-31.91813421,6.16,8.83,19353,26.1,31,3530,0.32,43.3,9.6,33.8,416,59732,4.3,1866,21.2,17.3,3862,160.7,3.4,10315,19.1,12,2515,690.1,2239,70,6.9,48.3,10.4,343.3
2021,2021_7_4,Chapman,Saltmarsh,400302,6468190,115.9454621,-31.91780353,6.29,4.78,14765,21.6,34,1796,0.223,30.5,5,25.7,405,58647,3.3,1137,15.1,11,2001,78.8,4.2,5254,13.8,7,1557,284,1234,35.4,6.8,40.9,6.6,141.1
2021,2021_7_5,Chapman,Saltmarsh,400371,6468173,115.9461901,-31.91796293,6.1,9.31,8491,0.6,13,828,0.027,43,5,21.8,11,11914,2.3,978,20.3,4.9,1707,76.3,0.9,9470,16.1,7,107,8.9,1117,13.7,10.1,30.9,6.6,12.6
2021,2021_8_1,Chapman,Saltmarsh,400411,6468156,115.9466114,-31.91811978,NA,NA,18714,3.2,50,584,0.081,60.3,7.3,46,19,26770,4.5,1314,26.6,7.7,1639,62.7,0.6,3479,24.5,12,85,16.1,338,13.1,15,66.8,12.4,13.2
2021,2021_8_2,Chapman,Saltmarsh,400468,6468171,115.9472157,-31.91798947,NA,NA,11846,1.9,25,650,0.036,50.1,7.7,30.3,15,18393,3.1,1077,21.6,7.1,999,85.4,0.8,3864,18.1,10,117,11.7,610,10.2,11.3,41.7,7.8,17.8
2021,2021_8_3,Chapman,Saltmarsh,400546,6468165,115.94804,-31.91805043,NA,NA,33605,0.9,91,1508,0.097,153.3,15.5,65.1,59,37789,10.4,3496,70.8,25.9,3825,212.9,1.3,10544,62.7,25,389,33,1998,76.8,19.4,78.4,33.6,53.5
2021,2021_8_4,Chapman,Saltmarsh,400577,6468196,115.9483711,-31.91777351,NA,NA,34097,4.7,108,1536,0.124,136.2,8.8,61.3,52,35657,10.1,3167,63.2,24.2,3098,126,2.2,7235,59.5,22,539,35.6,1752,109.2,18.5,78.5,28.6,82.5
2021,2021_9_1,Chapman,Saltmarsh,400375,6468123,115.9462272,-31.9184143,5.78,5.01,21108,5.2,60,1244,0.081,81.3,11.9,49.3,47,29102,5.2,2397,41.1,15.7,2789,202.8,1.2,8164,31.9,17,294,21.8,843,29,17.9,62.3,16.3,59.7
2021,2021_9_2,Chapman,Saltmarsh,400433,6468106,115.9468389,-31.91857273,6.54,2.03,9425,5.9,17,14827,0.061,28.7,4.4,26.5,13,16403,2.2,796,13.7,5.6,1345,55.1,0.3,2640,12.4,6,95,9.3,281,47.5,8.4,38.8,5.3,13
2021,2021_9_3,Chapman,Saltmarsh,400470,6468135,115.9472332,-31.91831438,5.12,12.45,43250,1.8,107,1194,0.096,161.8,12,66.8,41,35880,12,4850,73.1,51,4127,119.6,1.9,15059,67.3,27,377,26.8,3493,178.3,20.8,81.9,39.3,47.3
2021,2021_9_4,Chapman,Saltmarsh,400505,6468110,115.9476008,-31.91854296,4.54,9.23,48186,3.6,77,845,0.081,103.6,8.8,60.9,28,35598,9,4177,42,49.6,2880,39.3,3.1,13224,48.6,27,250,21.3,2779,102.8,17.5,78.4,17.1,17.3
2021,2021_9_5,Chapman,Saltmarsh,400249,6468097,115.944892,-31.91863777,5,10.04,37198,5.2,94,1200,0.105,200.1,7.6,54.1,32,40674,16.8,3725,64.6,35.2,3358,46.8,2.6,16453,95.7,23,399,25.5,3469,121.3,15,78.2,40.1,23.5
2021,2021_10_1,Chapman,Saltmarsh,400298,6468083,115.9454088,-31.91876836,5.71,10.4,39826,9.9,61,1957,0.182,106.7,10.1,71.7,262,42931,7.2,3239,52.4,31.3,4504,65.8,1.8,13247,42.1,24,1533,230.5,2981,50.9,21,80.7,23.4,258
2021,2021_10_2,Chapman,Saltmarsh,400337,6468095,115.9458225,-31.91866354,5.81,8.61,39384,4.7,101,1539,0.132,133,10.4,77.5,162,45864,8.7,3737,67.3,32.9,4381,84,0.9,10994,51.9,24,471,60.6,1314,43.4,25.3,89.2,29.5,131.5
2021,2021_10_3,Chapman,Saltmarsh,400337,6468095,115.9458225,-31.91866354,5.72,6.75,36034,7.7,82,2115,0.225,127.4,18.5,71.5,148,42066,8.3,4452,64.7,36.2,4831,175.9,1.3,12223,49.9,28,662,48.9,1907,53.1,24,83.9,29.2,310.5
2021,2021_10_4,Chapman,Saltmarsh,400360,6468094,115.9460656,-31.91867457,6.08,6.33,41347,5.6,92,1340,0.165,110.6,14.4,77.3,260,48453,7.4,3973,54.3,33.7,4346,99.6,1.1,9306,43.1,26,828,61.9,1167,49.4,24.6,83.9,23.1,239.2
2021,2021_10_5,Chapman,Saltmarsh,400429,6468064,115.9467923,-31.91895124,5.81,7.7,30038,9.8,27,2331,0.463,142.2,11.8,48.4,88,72469,9.6,2851,70.3,43,3635,64.8,8.4,8624,50.2,16,592,38.3,4623,43,16.3,73.5,38.1,195.4
2021,2021_10_6,Chapman,Saltmarsh,400476,6468072,115.9472902,-31.91888319,6.18,6.55,41776,9.7,96,1601,0.121,107.8,10.8,79,239,37959,7.1,3488,53.3,31.1,4586,73.6,1.3,10452,43.5,25,718,253.3,1484,42.5,24.9,87.4,22.3,184.1
2021,2021_10_7,Chapman,Saltmarsh,400192,6468050,115.9442843,-31.91905672,NA,NA,35134,2.3,77,1408,0.15,107.6,16.1,72.7,274,41376,7.3,4425,53.7,33.9,4577,110.5,1.6,8879,42.9,26,664,91.8,1205,39.2,25.4,83.6,22.8,365.5
2021,2021_11_1,Chapman,Saltmarsh,400197.2,6468078,115.9443422,-31.91880461,NA,NA,41249,7.3,66,2101,0.245,94.4,17.1,71.4,654,34296,6.1,5265,45.8,48.5,5080,74.3,3.6,13831,37.5,31,1030,72.9,3653,78.3,22.5,79.1,19.7,322.8
2021,2021_11_2,Chapman,Saltmarsh,400204.4,6468066,115.9444171,-31.91891348,5.06,8.18,35309,4.7,58,1679,0.173,99.3,14.6,73.4,221,46610,6.6,4816,47.9,36.5,4853,83.5,1.5,10754,40.3,26,633,71.2,1620,43.8,25.9,84.5,20.8,335.1
2021,2021_11_3,Chapman,Saltmarsh,400211.6,6468055,115.9444921,-31.91901334,6.22,5.95,39576,NA,101,1855,0.221,128.8,14,81.5,141,46293,8.6,4445,65,38.1,4891,140.2,1.2,8961,51.4,29,546,69.1,910,51.8,26.9,93.8,28.6,283.4
2021,2021_11_4,Chapman,Saltmarsh,400218.8,6468043,115.9445671,-31.91912222,5.97,8.15,39665,2.8,75,2052,0.202,106.3,15.1,80.8,185,41907,6.9,4975,53.1,37.8,5046,111.7,0.8,11841,42.8,28,569,89,2037,47.4,25.6,87.6,21.8,261.6
2021,2021_11_5,Chapman,Saltmarsh,400226,6468031,115.944642,-31.91923109,5.86,12.1,34303,4.6,65,2261,0.12,93.4,11.5,69.5,201,35224,6.1,4253,45,32.3,4984,96.8,1.2,14879,37.7,24,753,48.8,2923,47.5,23.7,83.6,19.6,153.7
2021,2021_11_6,Woolcock,Drain_Sed,400041,6468267,115.9427098,-31.91708601,5.2,280,888,NA,6,470,0.031,2.3,12.2,1.8,NA,1562,NA,73,1.5,0.5,106,6.9,0.1,61,1,2,26,4.5,1358,2.3,NA,2.3,0.5,825.2
2021,2021_12_1,Woolcock,Drain_Sed,400050,6468255,115.9428037,-31.91719505,4.74,0.14,2855,0.4,14,843,0.039,4.1,11.9,4.1,2,4297,0.2,215,2.5,1.4,280,19.7,0.2,122,1.9,3,57,15.5,1782,3.3,1.1,5.9,1.2,891.5
2021,2021_12_2,Woolcock,Drain_Sed,400056,6468247,115.9428663,-31.91726774,7.3,0.25,10635,4,16,11933,0.154,17.6,56.3,11,12,23630,1.4,493,14.3,1.4,827,263.9,0.6,432,7.2,7,361,13.5,1471,29.4,2.7,19,4.5,2807
2021,2021_12_3,Woolcock,Drain_Sed,400055,6468230,115.942854,-31.917421,7.35,0.47,12920,5.5,34,21592,0.254,25.4,56.1,14.5,24,28221,1.9,405,20.9,2,1276,107.5,0.7,571,9.6,13,682,26.7,3591,60.6,2.1,16.9,6.5,7556.4
2021,2021_12_4,Woolcock,Drain_Sed,400050,6468217,115.9427998,-31.91753783,6.42,0.77,25844,9,41,8281,0.346,47.9,63.2,20.2,33,58538,3.5,579,36.9,2.8,1633,181.7,1.8,1032,15.6,17,1052,39.5,4113,48.4,3.1,28.4,10.2,7035
2021,2021_12_5,Woolcock,Drain_Sed,400055,6468199,115.9428508,-31.91770063,6.02,0.96,38846,5.2,37,7865,0.38,67.5,53.5,19.7,28,87955,5.1,488,52.3,3.1,1499,168.3,3,1102,20.8,15,1074,37.2,3826,46.4,3.2,34.1,13.7,4786.3
2021,2021_13_1,Kitchener,Lake_Sed,399985,6468034,115.9420935,-31.91918283,6.07,18.19,10390,0.9,19,3841,0.069,28.3,2.5,20.4,37,9803,1.9,1889,14.2,11.9,5316,16.1,1.2,22257,12,8,675,23.1,4634,67.8,3.2,24.4,6.4,233.5
2021,2021_13_2,Kitchener,Lake_Sed,399981,6468029,115.9420507,-31.91922758,5.92,21.08,30353,4.4,58,3414,0.115,75.4,6.8,58.1,63,23624,4.6,3669,37.3,30,6385,40,2.4,22081,30.7,18,545,50.9,10473,88.9,13.8,65.4,15.7,236.9
2021,2021_13_3,Kitchener,Lake_Sed,399977,6468009,115.9420063,-31.91940764,3.16,32.9,19705,7.8,45,3594,0.617,63.9,17.5,42.2,79,69281,5.9,3296,31.6,23.1,7116,78.4,6.4,37420,28.4,18,466,32.9,64085,84.6,10.7,73.9,16.1,873.4
2021,2021_13_4,Kitchener,Lake_Sed,399977,6468030,115.9450857,-31.91922,4.82,31.3,28640,4.2,39,2842,0.14,68.3,6.8,56.8,59,27317,4.6,3759,31.4,29.1,6439,38.4,2.7,26085,28.8,17,410,31.1,11980,64.4,16.6,66.5,14.5,291.6
