Profile,Year,Landform,subLandform,LF3,LF5,Easting,Northing,Latitude,Longitude,Horizon,Horiz.simp,Depth.range,Depth.upper,Depth.lower,Depth.mean,Depth.cat,Gravel.pct,Sand.corr,Silt.corr,Clay.corr
1,2015,Upper_slope,NA,Erosional,US,498504,6406727,116.984079,-32.4766694,A1,A,0-15,0,15,7.5,5,11.07738605,78.2,7.1,3.6
1,2015,Upper_slope,NA,Erosional,US,498504,6406727,116.984079,-32.4766694,B1,B,15-35,15,35,25,25,12.32239767,71.9,10.5,5.3
1,2015,Upper_slope,NA,Erosional,US,498504,6406727,116.984079,-32.4766694,B2,B2,35-50,35,50,42.5,50,13.40173218,67.5,6.3,12.8
1,2015,Upper_slope,NA,Erosional,US,498504,6406727,116.984079,-32.4766694,B3,B3,50-80,50,80,65,70,8.216014078,50.3,20.2,21.3
2,2015,Upper_slope,NA,Erosional,US,498440,6406561,116.983398,-32.4781668,A1,A,0-15,0,15,7.5,5,14.87414336,71.7,11.9,1.5
2,2015,Upper_slope,NA,Erosional,US,498440,6406561,116.983398,-32.4781668,B1,B,15-25,15,25,20,25,15.90049751,75.1,4.6,4.4
2,2015,Upper_slope,NA,Erosional,US,498440,6406561,116.983398,-32.4781668,B2,B2,25-45,25,45,35,35,17.05659579,72.1,4.6,6.2
2,2015,Upper_slope,NA,Erosional,US,498440,6406561,116.983398,-32.4781668,B3,B3,45-60,45,60,52.5,50,12.92724908,73.6,4.8,8.7
3,2015,Valley_floor,Lower_slope,Depositional,VF,499026,6406415,116.989634,-32.4794845,A1,A,0-20,0,20,10,15,0.1,78.5,9.25,12.25
3,2015,Valley_floor,Lower_slope,Depositional,VF,499026,6406415,116.989634,-32.4794845,B1,B,20-30,20,30,25,25,0.1,73,7.25,19.75
3,2015,Valley_floor,Lower_slope,Depositional,VF,499026,6406415,116.989634,-32.4794845,B2,B2,30-50,30,50,40,50,0.1,80,5.25,14.75
4,2015,Valley_floor,Lower_slope,Depositional,VF,498987,6406365,116.989219,-32.4799356,Ap,A,0-27.5,0,27.5,13.75,15,0.1,84.25,8.5,7.25
4,2015,Valley_floor,Lower_slope,Depositional,VF,498987,6406365,116.989219,-32.4799356,E,A2,23-50,23,50,36.5,35,0.1,82.75,9.75,7.5
4,2015,Valley_floor,Lower_slope,Depositional,VF,498987,6406365,116.989219,-32.4799356,B1,B,50-85,50,85,67.5,70,0.1,65,16,19
5,2015,Residual,NA,Residual,RE,498600,6406830,116.985101,-32.4757403,A1,A,0-20,0,20,10,15,0.1,80,7.75,12.25
5,2015,Residual,NA,Residual,RE,498600,6406830,116.985101,-32.4757403,B1,B,20-50,20,50,35,35,0.1,65,19.25,15.75
5,2015,Residual,NA,Residual,RE,498600,6406830,116.985101,-32.4757403,B2,B2,50-80,50,80,65,70,0.1,57.5,33.25,9.25
6,2015,Upper_slope,Mid_slope,Erosional,US,499879,6406404,116.998712,-32.4795842,Ap,A,2-Mar,2,3,2.5,5,3.55,72.3,12.1,12.1
6,2015,Upper_slope,Mid_slope,Erosional,US,499879,6406404,116.998712,-32.4795842,E,A2,Mar-15,3,15,9,5,6.73,67.6,14,11.7
6,2015,Upper_slope,Mid_slope,Erosional,US,499879,6406404,116.998712,-32.4795842,B,B,15-30,15,30,22.5,25,34.53,49.1,11.5,4.9
7,2015,Residual,NA,Residual,RE,499705.064,6406558.051,116.996861,-32.478194,O,NA,0-5,0,5,2.5,5,2.4,85.4,9.8,2.4
7,2015,Residual,NA,Residual,RE,499705.064,6406558.051,116.996861,-32.478194,A,A,5-Dec,5,12,8.5,5,4.03,88.8,7.2,0.1
7,2015,Residual,NA,Residual,RE,499705.064,6406558.051,116.996861,-32.478194,B,B,Dec-24,12,24,18,15,18.42,79.6,0.1,2
8,2015,Residual,NA,Residual,RE,499313.553,6406613.457,116.992695,-32.4776941,A,A,0-15,0,15,7.5,5,24.6,67.9,3.8,3.8
8,2015,Residual,NA,Residual,RE,499313.553,6406613.457,116.992695,-32.4776941,B1,B,15-40,15,40,27.5,25,45.85,46,5.4,2.7
8,2015,Residual,NA,Residual,RE,499313.553,6406613.457,116.992695,-32.4776941,B2,B2,40-80,40,80,60,70,1.08,91.5,2.5,4.9
9,2015,Residual,NA,Residual,RE,499579.785,6406484.146,116.995528,-32.4788615,A,A,0-20,0,20,10,15,37.54,45.3,6.2,10.9
9,2015,Residual,NA,Residual,RE,499579.785,6406484.146,116.995528,-32.4788615,B,B,20-40,20,40,30,35,56.35,30.5,2.2,10.9
10,2015,Lower_slope,NA,Erosional,LS,500015,6405982,117.00016,-32.4833911,Ap,A,0-10,0,10,5,5,17,69,6,8
10,2015,Lower_slope,NA,Erosional,LS,500015,6405982,117.00016,-32.4833911,B,B,Oct-20,10,20,15,15,42,46.4,5.5,6.1
10,2015,Lower_slope,NA,Erosional,LS,500015,6405982,117.00016,-32.4833911,B2,B2,20-60,20,60,40,50,18,63.8,11.6,6.6
11,2015,Valley_floor,NA,Depositional,VF,499989,6406157,116.999883,-32.4818124,Ap,A,0-15,0,15,7.5,5,13,75.4,4.5,7.2
11,2015,Valley_floor,NA,Depositional,VF,499989,6406157,116.999883,-32.4818124,E,A2,15-30,15,30,22.5,25,16,73.2,7.2,3.6
11,2015,Valley_floor,NA,Depositional,VF,499989,6406157,116.999883,-32.4818124,B1,B,30-60,30,60,45,50,26,68.5,3,2.5
11,2015,Valley_floor,NA,Depositional,VF,499989,6406157,116.999883,-32.4818124,B2,B2,60-100,60,100,80,90,11,80.6,2.9,5.6
12,2015,Mid-slope,NA,Erosional,MS,499969,6407026,116.99967,-32.4739731,Ap,A,0-25,0,25,12.5,15,31,56.2,6,6.8
12,2015,Mid-slope,NA,Erosional,MS,499969,6407026,116.99967,-32.4739731,E,A2,25-30,25,30,27.5,25,37,53.4,8.1,1.5
12,2015,Mid-slope,NA,Erosional,MS,499969,6407026,116.99967,-32.4739731,B1,B,30-100,30,100,65,70,36,51.5,6.4,6.2
13,2015,Upper_slope,NA,Erosional,US,499814,6406782,116.998021,-32.4761742,Ap,A,0-10,0,10,5,5,5,65.4,16.6,13
13,2015,Upper_slope,NA,Erosional,US,499814,6406782,116.998021,-32.4761742,B1,B,Oct-30,10,30,20,25,13,63.5,14.8,8.7
13,2015,Upper_slope,NA,Erosional,US,499814,6406782,116.998021,-32.4761742,B2,B2,30-60,30,60,45,50,10,59.6,12,18.5
13,2015,Upper_slope,NA,Erosional,US,499814,6406782,116.998021,-32.4761742,B3,B3,60-100,60,100,80,90,10,69.3,8.1,12.6
14,2015,Mid-slope,Upper_slope,Erosional,MS,498263,6404666,116.98151,-32.4952615,Ap,A,0-10,0,10,5,5,22.35084712,65.9,5,6.7
14,2015,Mid-slope,Upper_slope,Erosional,MS,498263,6404666,116.98151,-32.4952615,B,B,Oct-35,10,35,22.5,25,53.34778561,40,4.1,2.6
14,2015,Mid-slope,Upper_slope,Erosional,MS,498263,6404666,116.98151,-32.4952615,C,C,35-70,35,70,52.5,50,44.7112097,47.6,6.5,1.2
15,2015,Mid-slope,NA,Erosional,MS,498715,6404659,116.986322,-32.4953253,Ap,A,0-15,0,15,7.5,5,35,51.1,7.8,6.3
15,2015,Mid-slope,NA,Erosional,MS,498715,6404659,116.986322,-32.4953253,E,A2,15-55,15,55,35,35,32,54.3,6.8,6.9
15,2015,Mid-slope,NA,Erosional,MS,498715,6404659,116.986322,-32.4953253,B,B,55-60,55,60,57.5,50,8,67.5,2.8,21.8
16,2015,Mid-slope,NA,Erosional,MS,498400,6404356,116.982968,-32.4980583,Ap,A,0-20,0,20,10,15,31.02533493,55.1,4.7,9.2
16,2015,Mid-slope,NA,Erosional,MS,498400,6404356,116.982968,-32.4980583,E,A2,20-35,20,35,27.5,25,55.82104728,34.8,8,1.4
16,2015,Mid-slope,NA,Erosional,MS,498400,6404356,116.982968,-32.4980583,B1,B,35-54,35,54,44.5,50,59.87556904,31.8,5.7,2.6
16,2015,Mid-slope,NA,Erosional,MS,498400,6404356,116.982968,-32.4980583,B2,B2,54-95,54,95,74.5,70,15.08090046,19.6,13.5,51.8
16,2015,Mid-slope,NA,Erosional,MS,498400,6404356,116.982968,-32.4980583,B3,B3,95-105,95,105,100,100,49.60699746,23.1,5.9,21.4
17,2015,Sub_valley_floor,NA,Depositional,VF,499131,6404068,116.990749,-32.5006572,Ap,A,0-10,0,10,5,5,0.1441,72.3,10.7,16.8
17,2015,Sub_valley_floor,NA,Depositional,VF,499131,6404068,116.990749,-32.5006572,A,A,Oct-26,10,26,18,15,0.218,79.3,9.2,11.3
17,2015,Sub_valley_floor,NA,Depositional,VF,499131,6404068,116.990749,-32.5006572,E,A2,26-30,26,30,28,25,0.27,62.7,13,24
17,2015,Sub_valley_floor,NA,Depositional,VF,499131,6404068,116.990749,-32.5006572,B,B,30-50,30,50,40,50,0.15,42.8,9.7,47.3
18,2015,Sub_valley_floor,NA,Depositional,VF,498771,6403716,116.986917,-32.5038323,Ap,A,0-14,0,14,7,5,6.373517787,58,16.2,19.5
18,2015,Sub_valley_floor,NA,Depositional,VF,498771,6403716,116.986917,-32.5038323,A,A,14-22,14,22,18,15,12.60162602,53.7,16,17.8
18,2015,Sub_valley_floor,NA,Depositional,VF,498771,6403716,116.986917,-32.5038323,E,A2,22-30,22,30,26,25,24.14829659,55,2.5,18.6
18,2015,Sub_valley_floor,NA,Depositional,VF,498771,6403716,116.986917,-32.5038323,B,B,30-67,30,67,48.5,50,38.57785043,9.8,21.8,29.9
18,2015,Sub_valley_floor,NA,Depositional,VF,498771,6403716,116.986917,-32.5038323,C,C,67-74,67,74,70.5,70,67.64705882,18.6,3.6,10.1
19,2015,Lower_slope,NA,Erosional,LS,499159,6403611,116.991047,-32.5047798,Ap,A,0-8,0,8,4,5,2.997404893,88.3,2.4,6.3
19,2015,Lower_slope,NA,Erosional,LS,499159,6403611,116.991047,-32.5047798,A,A,Aug-25,8,25,16.5,15,5.09690064,80.6,7.9,6.4
19,2015,Lower_slope,NA,Erosional,LS,499159,6403611,116.991047,-32.5047798,B1,B,25-55,25,55,40,50,4.677866524,50.7,8.2,36.4
19,2015,Lower_slope,NA,Erosional,LS,499159,6403611,116.991047,-32.5047798,B2,B2,55-72,55,72,63.5,70,4.28417517,80.8,1.2,13.7
19,2015,Lower_slope,NA,Erosional,LS,499159,6403611,116.991047,-32.5047798,B3,B3,72-80,72,80,76,70,0.114468864,66.2,1.9,31.8
20,2015,Lower_slope,NA,Erosional,LS,498296,6404061,116.98186,-32.5007194,Ap,A,0-10,0,10,5,5,35.73050719,56.2,5,3
20,2015,Lower_slope,NA,Erosional,LS,498296,6404061,116.98186,-32.5007194,A,A,Oct-27,10,27,18.5,15,52.28963938,43.6,1.9,2.2
20,2015,Lower_slope,NA,Erosional,LS,498296,6404061,116.98186,-32.5007194,E,A2,27-60,27,60,43.5,50,44.91071429,52.2,1.3,1.6
21,2015,Residual,NA,Residual,RE,499746,6406602,116.997297,-32.477798,A,A,Feb-14,2,14,8,5,11.68575948,78.8,6.4,3.1
21,2015,Residual,NA,Residual,RE,499746,6406602,116.997297,-32.477798,B,B,14-42,14,42,28,25,4.866312813,71.3,23.8,0.1
21,2015,Residual,NA,Residual,RE,499746,6406602,116.997297,-32.477798,C,C,42-80,42,80,61,70,77.68030768,21.9,0.025,0.4
22,2015,Residual,Upper_slope,Residual,RE,499399,6406493,116.993604,-32.478781,A,A,0-6,0,6,3,5,18.16130052,53.7,14.1,13.9
22,2015,Residual,Upper_slope,Residual,RE,499399,6406493,116.993604,-32.478781,B1,B,Dec-21,12,21,16.5,15,6.606068953,44.7,14,34.7
22,2015,Residual,Upper_slope,Residual,RE,499399,6406493,116.993604,-32.478781,B2,B2,28-40,28,40,34,35,4.061313328,38.9,11.9,45.1
23,2015,Residual,Upper_slope,Residual,RE,499753,6406606,116.997371,-32.4777619,A,A,0.2-20,0.2,20,10.1,15,8.191060904,36.2,14.6,41
23,2015,Residual,Upper_slope,Residual,RE,499753,6406606,116.997371,-32.4777619,B1,B,20-40,20,40,30,35,60.52341898,18.1,13.4,7.9
23,2015,Residual,Upper_slope,Residual,RE,499753,6406606,116.997371,-32.4777619,B2,B2,40-80,40,80,60,70,27.84895939,46.5,12.3,13.4
24,2015,Residual,Upper_slope,Residual,RE,499710,6406793,116.996914,-32.476075,A,A,0-15,0,15,7.5,5,14.5906592,60.8,11.1,13.5
24,2015,Residual,Upper_slope,Residual,RE,499710,6406793,116.996914,-32.476075,B1,B,15-21,15,21,18,15,37.83409933,31.7,13.7,16.8
24,2015,Residual,Upper_slope,Residual,RE,499710,6406793,116.996914,-32.476075,B2,B2,21-45,21,45,33,35,27.78469973,48.9,12.1,11.2
24,2015,Residual,Upper_slope,Residual,RE,499710,6406793,116.996914,-32.476075,C,C,45-80,45,80,62.5,70,57.67560423,32.1,6.8,3.4
25,2015,Sub_valley_floor,Valley_floor,Depositional,VF,499936,6406181,116.999319,-32.4815959,A,A,0-14,0,14,7,5,11.42,62.5,16.2,10
25,2015,Sub_valley_floor,Valley_floor,Depositional,VF,499936,6406181,116.999319,-32.4815959,B1,B,14-24,14,24,19,15,23.37,71.4,6.5,1.3
25,2015,Sub_valley_floor,Valley_floor,Depositional,VF,499936,6406181,116.999319,-32.4815959,B2,B2,24-75,24,75,49.5,50,27.74,46.5,16.9,8.9
26,2015,Sub_valley_floor,Valley_floor,Depositional,VF,499949,6406143,116.999457,-32.4819387,A,A,0-16,0,16,8,5,14.88,78.5,11.7,5.1
26,2015,Sub_valley_floor,Valley_floor,Depositional,VF,499949,6406143,116.999457,-32.4819387,B1,B,16-46,16,46,31,35,24.5,66,5.6,3.9
26,2015,Sub_valley_floor,Valley_floor,Depositional,VF,499949,6406143,116.999457,-32.4819387,B2,B2,46-75,46,75,60.5,70,31.81,NA,NA,NA
27,2015,Mid-slope,NA,Erosional,MS,498987,6406804,116.989219,-32.4759753,A,A,0-11,0,11,5.5,5,0.1,59.7,18.5,11.7
27,2015,Mid-slope,NA,Erosional,MS,498987,6406804,116.989219,-32.4759753,B1,B,Nov-31,11,31,21,25,0.02,109.8,2.5,12.3
27,2015,Mid-slope,NA,Erosional,MS,498987,6406804,116.989219,-32.4759753,B2,B2,31-58,31,58,44.5,50,0.05,NA,NA,NA
27,2015,Mid-slope,NA,Erosional,MS,498987,6406804,116.989219,-32.4759753,B3,B3,58-100,58,100,79,70,0.09,83.2,1,15.7
28,2015,Lower_slope,NA,Erosional,LS,496044,6404560,116.957889,-32.4962121,A,A,0-18,0,18,9,5,13.4,77.1,4.5,5
28,2015,Lower_slope,NA,Erosional,LS,496044,6404560,116.957889,-32.4962121,B,B,18-47,18,47,32.5,35,6.62,85.6,2.3,5.5
28,2015,Lower_slope,NA,Erosional,LS,496044,6404560,116.957889,-32.4962121,C1,C,47-85,47,85,66,70,72.69,24.6,1.4,1.3
28,2015,Lower_slope,NA,Erosional,LS,496044,6404560,116.957889,-32.4962121,C2,C,85-100,85,100,92.5,90,10.04,57.6,7.6,24.7
29,2015,Residual,NA,Residual,RE,497240,6404609,116.970621,-32.4957737,A,A,0-15,0,15,7.5,5,53.21,40.5,3.3,3
29,2015,Residual,NA,Residual,RE,497240,6404609,116.970621,-32.4957737,B,B,15-100,15,100,57.5,50,80.89,16.6,1.7,0.8
30,2015,Lower_slope,Sub_valley_floor,Erosional,LS,496745,6404980,116.965353,-32.4924255,A,A,0-12,0,12,6,5,4.924,85.5,4,5.5
30,2015,Lower_slope,Sub_valley_floor,Erosional,LS,496745,6404980,116.965353,-32.4924255,B1,B,Dec-50,12,50,31,35,5.923,82.4,8.3,3.4
30,2015,Lower_slope,Sub_valley_floor,Erosional,LS,496745,6404980,116.965353,-32.4924255,B2,B2,50-65,50,65,57.5,50,7.539,67.7,19.6,5.2
30,2015,Lower_slope,Sub_valley_floor,Erosional,LS,496745,6404980,116.965353,-32.4924255,B3,B3,65-100,65,100,82.5,90,12.184,53.7,19.4,14.6
31,2015,Nonresid_upland,NA,Erosional,US,497397,6405407,116.972294,-32.4885752,A,A,0-15,0,15,7.5,5,10.824,68.2,6.2,14.8
31,2015,Nonresid_upland,NA,Erosional,US,497397,6405407,116.972294,-32.4885752,B1,B,15-52,15,52,33.5,35,10.35,68,6.6,15
31,2015,Nonresid_upland,NA,Erosional,US,497397,6405407,116.972294,-32.4885752,B2,B2,52-95,52,95,73.5,70,1.412,35.3,14.4,48.9
32,2015,Upper_slope,NA,Erosional,US,497226,6405223,116.970473,-32.4902347,Ap,A,0-32,0,32,16,15,9.12,61.7,9.5,19.7
32,2015,Upper_slope,NA,Erosional,US,497227,6405224,116.970484,-32.4902257,E,A2,32-50,32,50,41,50,27.89,63.8,1.8,6.6
32,2015,Upper_slope,NA,Erosional,US,497228,6405225,116.970495,-32.4902166,B,B,52-120,52,120,86,90,42.27,19.4,2.9,35.4
33,2015,Residual,NA,Residual,RE,497216,6404807,116.970366,-32.4939874,A,A,0-57,0,57,28.5,25,15.89,50.5,13.7,20
33,2015,Residual,NA,Residual,RE,497217,6404808,116.970376,-32.4939784,B,B,57-80,57,80,68.5,70,27.55,51.1,5.7,15.7
34,2015,Residual,NA,Residual,RE,497344,6404633,116.971728,-32.4955574,A,A,Feb-15,2,15,8.5,5,30.92,61,5.1,3
34,2015,Residual,NA,Residual,RE,497345,6404634,116.971738,-32.4955484,B1,B,15-25,15,25,20,25,17.79529994,71.3,4.6,6.3
34,2015,Residual,NA,Residual,RE,497346,6404635,116.971749,-32.4955394,B2,B2,25-45,25,45,35,35,2.379456573,66.5,8.4,22.7
34,2015,Residual,NA,Residual,RE,497347,6404636,116.97176,-32.4955304,C,C,45-100,45,100,72.5,70,3.348806366,77,8.1,11.6
35,2015,Upper_slope,NA,Erosional,US,497366,6404510,116.971962,-32.4966671,A,A,0-15,0,15,7.5,5,18.92030097,72,4.5,4.6
35,2015,Upper_slope,NA,Erosional,US,497367,6404511,116.971972,-32.496658,B1,B,15-35,15,35,25,25,32.08771819,61.7,3.6,2.5
35,2015,Upper_slope,NA,Erosional,US,497368,6404512,116.971983,-32.496649,B2,B2,35-75,35,75,55,50,18.09435133,72.8,6.6,2.5
35,2015,Upper_slope,NA,Erosional,US,497369,6404513,116.971994,-32.49664,C,C,75-95,75,95,85,90,37.28122912,56.9,5.1,0.7
36,2015,Residual,NA,Residual,RE,497376,6404935,116.972069,-32.4928331,A,A,0-18,0,18,9,5,16.91760905,73.4,5.3,4.4
36,2015,Residual,NA,Residual,RE,497377,6404936,116.97208,-32.4928241,B,B,18-45,18,45,31.5,35,28.77648667,62.6,3.9,4.7
37,2015,Mid-slope,Lower_slope,Erosional,MS,498834,6405514,116.987589,-32.4876124,A,A,0-13,0,13,6.5,5,32.12,NA,NA,7.8
37,2015,Mid-slope,Lower_slope,Erosional,MS,498834,6405514,116.987589,-32.4876124,B1,B,13-38,13,38,25.5,25,43.9,42.7,3.7,9.7
37,2015,Mid-slope,Lower_slope,Erosional,MS,498834,6405514,116.987589,-32.4876124,B2,B2,38-50,38,50,44,50,42.35,52.8,2.3,2.5
37,2015,Mid-slope,Lower_slope,Erosional,MS,498834,6405514,116.987589,-32.4876124,C,C,50-70,50,70,60,70,54.06,41.3,3.1,1.5
38,2015,Lower_slope,Mid-slope,Erosional,LS,498720,6405407,116.986376,-32.4885775,A,A,0-20,0,20,10,15,6.53,90.4,1.2,1.9
38,2015,Lower_slope,Mid-slope,Erosional,LS,498720,6405407,116.986376,-32.4885775,E,A2,20-33,20,33,26.5,25,6.58,NA,NA,2.4
38,2015,Lower_slope,Mid-slope,Erosional,LS,498720,6405407,116.986376,-32.4885775,B1,B,33-62,33,62,47.5,50,7.99,NA,9,NA
38,2015,Lower_slope,Mid-slope,Erosional,LS,498720,6405407,116.986376,-32.4885775,B2,B2,62-100,62,100,81,90,16.53,78.1,3.4,1.9
39,2015,Nonresid_upland,NA,Erosional,US,498095,6405134,116.979723,-32.4910394,A,A,0-12,0,12,6,5,16.99,55.7,20.9,6.5
39,2015,Nonresid_upland,NA,Erosional,US,498095,6405134,116.979723,-32.4910394,B1,,Dec-52,12,52,32,35,29.91,34.7,7.4,28.1
40,2015,Upper_slope,NA,Erosional,US,498149,6404827,116.980297,-32.493809,A,A,0-15,0,15,7.5,5,14.02,71.3,5.3,9.4
40,2015,Upper_slope,NA,Erosional,US,498149,6404827,116.980297,-32.493809,B1,B,15-40,15,40,27.5,25,22.43,68,7.4,2.2
40,2015,Upper_slope,NA,Erosional,US,498149,6404827,116.980297,-32.493809,B2,B2,40-60,40,60,50,50,8.52,51,10,30.4
41,2015,Residual,NA,Residual,RE,498226,6405423,116.981118,-32.4884325,A,A,0-50,0,50,25,25,25.41,58.4,7.7,8.5
42,2015,Residual,Upper_slope,Residual,RE,498278,6405414,116.981671,-32.4885138,A,A,0-16,0,16,8,5,19.65,49.3,21.8,9.3
42,2015,Residual,Upper_slope,Residual,RE,498278,6405414,116.981671,-32.4885138,B1,B,16-30,16,30,23,25,9.16,45.8,19.7,25.3
42,2015,Residual,Upper_slope,Residual,RE,498278,6405414,116.981671,-32.4885138,B2,B2,30-80,30,80,55,50,10.58,48.9,14.8,25.7
42,2015,Residual,Upper_slope,Residual,RE,498349,6405394,116.982427,-32.4886943,C,C,80-120,80,120,100,100,5.13,61.2,8.7,25
43,2015,Upper_slope,NA,Erosional,US,498349,6405394,116.982427,-32.4886943,A,A,0-20,0,20,10,15,17.25,63.8,9.9,9.1
43,2015,Upper_slope,NA,Erosional,US,498349,6405394,116.982427,-32.4886943,B1,B,20-40,20,40,30,35,23.4,55.8,13.1,7.7
43,2015,Upper_slope,NA,Erosional,US,498349,6405394,116.982427,-32.4886943,B2,B2,40-60,40,60,50,50,12.53,51.5,15.9,20.1
44,2015,Valley_floor,NA,Depositional,VF,499277,6404883,116.992304,-32.4933051,A,A,0-6,0,6,3,5,45.61,37.8,9.8,6.8
44,2015,Valley_floor,NA,Depositional,VF,499277,6404883,116.992304,-32.4933051,B,B,Jun-13,6,13,9.5,5,6.09,56.4,23.9,13.6
44,2015,Valley_floor,NA,Depositional,VF,499277,6404883,116.992304,-32.4933051,A1,A,13-30,13,30,21.5,25,8.08,76.4,8.8,6.7
44,2015,Valley_floor,NA,Depositional,VF,499277,6404883,116.992304,-32.4933051,B1,B,30-50,30,50,40,50,9.87,79.7,5.2,5.2
44,2015,Valley_floor,NA,Depositional,VF,499277,6404883,116.992304,-32.4933051,B2,B2,50-100,50,100,75,70,3.33,37.6,9,50
45,2015,Mid-slope,NA,Erosional,MS,498997,6404745,116.989324,-32.4945498,A,A,0-15,0,15,7.5,5,10.26,79.4,5.5,4.8
45,2015,Mid-slope,NA,Erosional,MS,498997,6404745,116.989324,-32.4945498,B1,B,15-30,15,30,22.5,25,12.69,78.8,4.7,3.8
45,2015,Mid-slope,NA,Erosional,MS,498997,6404745,116.989324,-32.4945498,B2,B2,30-54,30,54,42,50,16.47,74.8,5.3,3.4
45,2015,Mid-slope,NA,Erosional,MS,498997,6404745,116.989324,-32.4945498,B3,B3,54-70,54,70,62,70,23.62,41,4.4,31.1
46,2016,Mid-slope,Lower_slope,Erosional,MS,498808,6404333,116.987311,-32.498266,A,A,Feb-30,2,30,16,15,14.9,75.1,5.2,4.8
46,2016,Mid-slope,Lower_slope,Erosional,MS,498808,6404333,116.987311,-32.498266,B,B,30-50,30,50,40,50,15.7,72.8,6.5,5.1
46,2016,Mid-slope,Lower_slope,Erosional,MS,498808,6404333,116.987311,-32.498266,C,C,50-60,50,60,55,50,7.22,79.3,4.9,8.6
47,2016,Lower_slope,Mid-slope,Erosional,LS,499548,6404154,116.995188,-32.4998816,A,A,0-5,0,5,2.5,5,9.31,68.8,9,12.9
47,2016,Lower_slope,Mid-slope,Erosional,LS,499548,6404154,116.995188,-32.4998816,A/B,NA,6-Nov,6,11,8.5,5,14.14,66.8,8.1,11
47,2016,Lower_slope,Mid-slope,Erosional,LS,499548,6404154,116.995188,-32.4998816,B1,B,Dec-46,12,46,29,25,14.2,68.1,4.7,13
47,2016,Lower_slope,Mid-slope,Erosional,LS,499548,6404154,116.995188,-32.4998816,B2,B2,47-65,47,65,56,50,20.78,53.5,4.4,21.3
48,2016,Lower_slope,NA,Erosional,LS,499521,6404045,116.994901,-32.5008649,A,A,0-5,0,5,2.5,5,5.25,83.2,6.7,4.9
48,2016,Lower_slope,NA,Erosional,LS,499521,6404045,116.994901,-32.5008649,A/B,NA,6-Nov,6,11,8.5,5,14.64,77.2,5.2,3
48,2016,Lower_slope,NA,Erosional,LS,499521,6404045,116.994901,-32.5008649,E,A2,18-31,18,31,24.5,25,46.79,44.6,4.8,3.8
48,2016,Lower_slope,NA,Erosional,LS,499521,6404045,116.994901,-32.5008649,B1,B,32-50,32,50,41,50,34.17,57.2,4.9,3.7
48,2016,Lower_slope,NA,Erosional,LS,499521,6404045,116.994901,-32.5008649,B2,B2,51-80,51,80,65.5,70,34.41,49.5,6.1,10.1
49,2016,Valley_floor,NA,Depositional,VF,497927,6406410,116.977938,-32.4795281,A,A,0-15,0,15,7.5,5,11.24,82.7,4.2,1.8
49,2016,Valley_floor,NA,Depositional,VF,497927,6406410,116.977938,-32.4795281,A/B,NA,15-35,15,35,25,25,14.56,78.8,3.6,3
49,2016,Valley_floor,NA,Depositional,VF,497927,6406410,116.977938,-32.4795281,B,B,35-72,35,72,53.5,50,15.49,75.2,4.2,5.1
49,2016,Valley_floor,NA,Depositional,VF,497927,6406410,116.977938,-32.4795281,C,C,72-100,72,100,86,90,34.69,56.5,3.6,5.2
50,2016,Valley_floor,NA,Depositional,VF,497283,6403755,116.971076,-32.5034778,A,A,0-24,0,24,12,15,10.69,75.9,4.6,8.8
50,2016,Valley_floor,NA,Depositional,VF,497283,6403755,116.971076,-32.5034778,B,B,24-45,24,45,34.5,35,10.56,73,7.6,8.8
50,2016,Valley_floor,NA,Depositional,VF,497283,6403755,116.971076,-32.5034778,B2,B2,45-80,45,80,62.5,70,26.96,42.2,3.5,27.3
51,2016,Lower_slope,NA,Erosional,LS,497514,6403540,116.973534,-32.5054179,Ap,A,0-15,0,15,7.5,5,10.97,79.4,3.1,6.5
51,2016,Lower_slope,NA,Erosional,LS,497514,6403540,116.973534,-32.5054179,A,A,15-23,15,23,19,15,10.25,78,5.4,6.3
51,2016,Lower_slope,NA,Erosional,LS,497514,6403540,116.973534,-32.5054179,A/B,NA,23-37,23,37,30,35,12.7,77.4,3.9,5.9
51,2016,Lower_slope,NA,Erosional,LS,497514,6403540,116.973534,-32.5054179,B,B,37-76,37,76,56.5,50,11.91,75.1,4.6,8.5
51,2016,Lower_slope,NA,Erosional,LS,497514,6403540,116.973534,-32.5054179,B2,B2,76-100,76,100,88,90,14.78,55.9,6.6,22.7
52,2016,Valley_floor,NA,Depositional,VF,498807,6403228,116.987299,-32.5082346,A,A,0-25,0,25,12.5,15,4.43,84.5,4.7,6.4
52,2016,Valley_floor,NA,Depositional,VF,498807,6403228,116.987299,-32.5082346,E,A2,26-68,26,68,47,50,5.55,86.6,4,4.1
52,2016,Valley_floor,NA,Depositional,VF,498807,6403228,116.987299,-32.5082346,E/B,A2,69-74,69,74,71.5,70,60.2,28.7,1.7,9.5
53,2016,Lower_slope,NA,Erosional,LS,498186,6404070,116.980689,-32.500638,A,A,0-15,0,15,7.5,5,9.07,79.5,5.9,5.5
53,2016,Lower_slope,NA,Erosional,LS,498186,6404070,116.980689,-32.500638,E,A2,16-19,16,19,17.5,15,15.4,77.8,3,3.6
53,2016,Lower_slope,NA,Erosional,LS,498186,6404070,116.980689,-32.500638,B,B,20-32,20,32,26,25,38.6,53.4,5.5,2.5
53,2016,Lower_slope,NA,Erosional,LS,498186,6404070,116.980689,-32.500638,C,C,33-54,33,54,43.5,50,46.3,45.1,5.2,3.4
54,2016,Valley_floor,NA,Depositional,VF,496001,6403978,116.957429,-32.5014622,A,A,0-10,0,10,5,5,7.695282029,85.8,4.3,2
54,2016,Valley_floor,NA,Depositional,VF,496001,6403978,116.957429,-32.5014622,A2,A2,Oct-20,10,20,15,15,11.5879757,78.4,3.4,6.6
54,2016,Valley_floor,NA,Depositional,VF,496001,6403978,116.957429,-32.5014622,B1,B,20-50,20,50,35,35,14.0162453,78.1,3.7,4.1
54,2016,Valley_floor,NA,Depositional,VF,496001,6403978,116.957429,-32.5014622,B2,B2,50-80,50,80,65,70,13.89593285,32.3,4.6,49.3
55,2016,Lower_slope,NA,Erosional,LS,497352,6403626,116.97181,-32.5046417,A,A,0-15,0,15,7.5,5,9.877468472,77.5,5.9,6.7
55,2016,Lower_slope,NA,Erosional,LS,497352,6403626,116.97181,-32.5046417,A2,A2,15-30,15,30,22.5,25,22.84722342,66.7,5.9,4.4
55,2016,Lower_slope,NA,Erosional,LS,497352,6403626,116.97181,-32.5046417,B1,B,30-65,30,65,47.5,50,30.50771787,35.8,7.9,25.9
56,2016,Valley_floor,NA,Depositional,VF,495711,6403941,116.954342,-32.5017949,A,A,0-14,0,14,7,5,1.94,81,8.5,8.5
56,2016,Valley_floor,NA,Depositional,VF,495711,6403941,116.954342,-32.5017949,A2,A2,14-20,14,20,17,15,8.07,75.2,5.2,11.5
56,2016,Valley_floor,NA,Depositional,VF,495711,6403941,116.954342,-32.5017949,B1,B,20-42,20,42,31,35,6.5,91.4,0.2,1.9
56,2016,Valley_floor,NA,Depositional,VF,495711,6403941,116.954342,-32.5017949,B2,B2,42-60,42,60,51,50,5.85,81.8,4.7,7.6
57,2016,Sub_valley_floor,NA,Depositional,VF,495765,6404195,116.954918,-32.4995038,A,A,0-15,0,15,7.5,5,19.64,58.2,9.6,12.6
57,2016,Sub_valley_floor,NA,Depositional,VF,495765,6404195,116.954918,-32.4995038,A2,A2,15-30,15,30,22.5,25,30.4,55.8,7.7,6.1
57,2016,Sub_valley_floor,NA,Depositional,VF,495765,6404195,116.954918,-32.4995038,B1,B,30-40,30,40,35,35,12.94,58.3,3.7,25
57,2016,Sub_valley_floor,NA,Depositional,VF,495765,6404195,116.954918,-32.4995038,B2,B2,40-60,40,60,50,50,28.96,53.2,3.2,14.6
58,2016,Lower_slope,NA,Erosional,LS,496884,6403490,116.966827,-32.5058673,A,A,0-10,0,10,5,5,8.41,86.1,0.5,5
58,2016,Lower_slope,NA,Erosional,LS,496884,6403490,116.966827,-32.5058673,B1,B,Oct-40,10,40,25,25,12.43,77.6,8.4,1.9
58,2016,Lower_slope,NA,Erosional,LS,496884,6403490,116.966827,-32.5058673,B2,B2,40-70,40,70,55,50,4.93,26.1,6.5,62.5
59,2016,Lower_slope,NA,Erosional,LS,497268,6404131,116.970917,-32.5000858,A,A,0-5,0,5,2.5,5,8.8,82,3.5,5.7
59,2016,Lower_slope,NA,Erosional,LS,497268,6404131,116.970917,-32.5000858,A2,A2,May-20,5,20,12.5,15,4.25,85.6,4.1,5.9
59,2016,Lower_slope,NA,Erosional,LS,497268,6404131,116.970917,-32.5000858,B1,B,20-50,20,50,35,35,10.87,78.3,4.6,6.2
59,2016,Lower_slope,NA,Erosional,LS,497268,6404131,116.970917,-32.5000858,B2,B2,50-80,50,80,65,70,13.23,56.7,6.9,23.2
60,2016,Lower_slope,NA,Erosional,LS,496653,6404196,116.964371,-32.4994978,A,A,0-17,0,17,8.5,5,11.617,80.6,4.4,3.4
60,2016,Lower_slope,NA,Erosional,LS,496653,6404196,116.964371,-32.4994978,A2,A2,17-37,17,37,27,25,15.742,77.5,3.8,2.9
60,2016,Lower_slope,NA,Erosional,LS,496653,6404196,116.964371,-32.4994978,B1,B,37-53,37,53,45,50,51.346,45.2,2,1.1
60,2016,Lower_slope,NA,Erosional,LS,496653,6404196,116.964371,-32.4994978,B2,B2,53-72,53,72,62.5,70,8.755,NA,NA,NA
60,2016,Lower_slope,NA,Erosional,LS,496653,6404196,116.964371,-32.4994978,B3,B3,72-95,72,95,83.5,90,15.391,NA,NA,NA
61,2016,Sub_valley_floor,NA,Depositional,VF,496840,6404334,116.966362,-32.4982534,A,A,0-20,0,20,10,15,7.849,69.3,10.5,12.3
61,2016,Sub_valley_floor,NA,Depositional,VF,496840,6404334,116.966362,-32.4982534,B1,B,20-35,20,35,27.5,25,16.288,75.4,4.4,3.9
61,2016,Sub_valley_floor,NA,Depositional,VF,496840,6404334,116.966362,-32.4982534,B2,B2,35-65,35,65,50,50,10.554,81.6,5.7,2.1
61,2016,Sub_valley_floor,NA,Depositional,VF,496840,6404334,116.966362,-32.4982534,B3,B3,65-80,65,80,72.5,70,9.635,75.7,7.7,7
62,2017,Lower_slope,Sub_valley_floor,Erosional,LS,495983,6404204,116.9572,-32.49942,A1,A,0-18,0,18,9,5,7.35,77.3,9.5,5.8
62,2017,Lower_slope,Sub_valley_floor,Erosional,LS,495983,6404204,116.9572,-32.49942,A2,A2,18-34,18,34,26,25,10.64,80,6,3.4
62,2017,Lower_slope,Sub_valley_floor,Erosional,LS,495983,6404204,116.9572,-32.49942,B1,B,34-74,34,74,54,50,27.89,65.5,4.5,2
62,2017,Lower_slope,Sub_valley_floor,Erosional,LS,495983,6404204,116.9572,-32.49942,B2,B2,74-95,74,95,84.5,90,0.2233,55.6,26.3,17.9
63,2017,Lower_slope,NA,Erosional,LS,496419,6404110,116.9619,-32.50027,A,A,0-17,0,17,8.5,5,5.03,86.9,4,4
63,2017,Lower_slope,NA,Erosional,LS,496419,6404110,116.9619,-32.50027,E,A2,17-36,17,36,26.5,25,10.477,82.5,4.1,2.9
63,2017,Lower_slope,NA,Erosional,LS,496419,6404110,116.9619,-32.50027,B1,B,36-52,36,52,44,50,9.04,83.6,4.9,2.5
63,2017,Lower_slope,NA,Erosional,LS,496419,6404110,116.9619,-32.50027,B2,B2,52-78,52,78,65,70,26.714,64.5,5.2,3.6
63,2017,Lower_slope,NA,Erosional,LS,496419,6404110,116.9619,-32.50027,B3,B3,78-95,78,95,86.5,90,6.818,67,8.6,17.6
64,2017,Mid-slope,NA,Erosional,MS,495625,6403350,116.9534,-32.50713,A,A,0-15,0,15,7.5,5,5.636743215,85.1,4.2,5
64,2017,Mid-slope,NA,Erosional,MS,495625,6403350,116.9534,-32.50713,E,A2,15-43,15,43,29,25,8.526966152,80.5,11,0.025
64,2017,Mid-slope,NA,Erosional,MS,495625,6403350,116.9534,-32.50713,B1,B,43-59,43,59,51,50,14.75779565,41.9,4.9,38.5
64,2017,Mid-slope,NA,Erosional,MS,495625,6403350,116.9534,-32.50713,B2,B2,59-87,59,87,73,70,12.50724638,38.8,4.5,44.2
65,2017,Lower_slope,NA,Erosional,LS,496030,6403765,116.9577,-32.50338,A,A,0-19,0,19,9.5,5,8.840083201,79.7,5.2,6.3
65,2017,Lower_slope,NA,Erosional,LS,496030,6403765,116.9577,-32.50338,E,A2,19-34,19,34,26.5,25,15.64337035,78.5,5.5,0.4
65,2017,Lower_slope,NA,Erosional,LS,496030,6403765,116.9577,-32.50338,B,B,34-50,34,50,42,50,34.77382876,33.3,5.7,26.3
66,2017,Mid-slope,Lower_slope,Erosional,MS,496610,6403404,116.9639,-32.50664,A,A,0-5,0,5,2.5,5,5.81,80.2,9,5
66,2017,Mid-slope,Lower_slope,Erosional,MS,496610,6403404,116.9639,-32.50664,B1,B,May-20,5,20,12.5,15,5.96,84.6,5.4,4
66,2017,Mid-slope,Lower_slope,Erosional,MS,496610,6403404,116.9639,-32.50664,B2,B2,20-50,20,50,35,35,16.7,76.7,3.4,3.2
66,2017,Mid-slope,Lower_slope,Erosional,MS,496610,6403404,116.9639,-32.50664,B3,B3,50-90,50,90,70,70,18.17,76.2,1.7,3.9
67,2017,Valley_floor,NA,Depositional,VF,496759,6403845,116.9655,-32.50266,A,A,0-5,0,5,2.5,5,1.82,76.9,2.4,18.9
67,2017,Valley_floor,NA,Depositional,VF,496759,6403845,116.9655,-32.50266,B,B,May-31,5,31,18,15,5.19,70.5,5.4,13.5
67,2017,Valley_floor,NA,Depositional,VF,496759,6403845,116.9655,-32.50266,B2,B2,31-38,31,38,34.5,35,14.38,73.4,8.7,3.6
67,2017,Valley_floor,NA,Depositional,VF,496759,6403845,116.9655,-32.50266,2A,NA,38-42,38,42,40,50,11.05,2.8,43.8,42.4
68,2017,Lower_slope,NA,Erosional,LS,496967,6403448,116.9677,-32.50625,A,A,0-16,0,16,8,5,4.63,83.2,5.1,7.1
68,2017,Lower_slope,NA,Erosional,LS,496967,6403448,116.9677,-32.50625,E,A2,16-38,16,38,27,25,9.88,75.5,6.2,8.4
68,2017,Lower_slope,NA,Erosional,LS,496967,6403448,116.9677,-32.50625,B1,B,38-52,38,52,45,50,1.32,36.7,6.8,55.1
68,2017,Lower_slope,NA,Erosional,LS,496967,6403448,116.9677,-32.50625,B2,B2,52-68,52,68,60,70,2.55,31.8,9.3,56.3
69,2017,Lower_slope,NA,Erosional,LS,497263,6404153,116.9709,-32.49989,A,A,0-15,0,15,7.5,5,8.85,82.5,3.6,5
69,2017,Lower_slope,NA,Erosional,LS,497263,6404153,116.9709,-32.49989,E,A2,15-40,15,40,27.5,25,16.30903167,73.4,3.8,6.5
69,2017,Lower_slope,NA,Erosional,LS,497263,6404153,116.9709,-32.49989,B1,B,40-60,40,60,50,50,18.72301725,46.5,3.6,31.1
69,2017,Lower_slope,NA,Erosional,LS,497263,6404153,116.9709,-32.49989,B2,B2,60-85,60,85,72.5,70,5.955470958,39.1,3.3,51.7
70,2017,Lower_slope,NA,Erosional,LS,499413,6404060,116.9938,-32.50073,A,A,0-10,0,10,5,5,0.1,93.2,4,2.8
70,2017,Lower_slope,NA,Erosional,LS,499413,6404060,116.9938,-32.50073,B,B,Oct-25,10,25,17.5,15,0.1,95.5,1.5,3
70,2017,Lower_slope,NA,Erosional,LS,499413,6404060,116.9938,-32.50073,C,C,25-38,25,38,31.5,35,0.1,94.2,1.5,4.2
70,2017,Lower_slope,NA,Erosional,LS,499413,6404060,116.9938,-32.50073,R,NA,38-48,38,48,43,50,0.1,92.6,3.9,3.4
71,2017,Lower_slope,NA,Erosional,LS,499377,6404113,116.9934,-32.50025,A,A,0-15,0,15,7.5,5,0.1,76.8,14.1,9
71,2017,Lower_slope,NA,Erosional,LS,499377,6404113,116.9934,-32.50025,B1,B,15-30,15,30,22.5,25,0.2,80.7,10.6,8.5
71,2017,Lower_slope,NA,Erosional,LS,499377,6404113,116.9934,-32.50025,B2,B2,30-50,30,50,40,50,0.4,82,8.2,9.5
71,2017,Lower_slope,NA,Erosional,LS,499377,6404113,116.9934,-32.50025,B2,B2,50-70,50,70,60,70,0.4,80.3,8.9,10.5
72,2017,Lower_slope,NA,Erosional,LS,499214,6403703,116.9916,-32.50395,A,A,0-13,0,13,6.5,5,0.1,99.6,0.1,0.2
72,2017,Lower_slope,NA,Erosional,LS,499214,6403703,116.9916,-32.50395,E,A2,13-24,13,24,18.5,15,0.2,89.2,7.3,3.3
72,2017,Lower_slope,NA,Erosional,LS,499214,6403703,116.9916,-32.50395,B1,B,24-36,24,36,30,35,0.1,89.9,6.9,3.1
72,2017,Lower_slope,NA,Erosional,LS,499214,6403703,116.9916,-32.50395,B2,B2,36-85,36,85,60.5,70,0.3,72,12.9,14.9
73,2017,Lower_slope,NA,Erosional,LS,498861,6403134,116.9879,-32.50908,A,A,0-14,0,14,7,5,0.1,76.1,9.8,14
73,2017,Lower_slope,NA,Erosional,LS,498861,6403134,116.9879,-32.50908,E,A2,14-23,14,23,18.5,15,0.1,39.1,4,56.9
73,2017,Lower_slope,NA,Erosional,LS,498861,6403134,116.9879,-32.50908,B1,B,23-43,23,43,33,35,0.1,32.2,10.3,57.6
73,2017,Lower_slope,NA,Erosional,LS,498861,6403134,116.9879,-32.50908,B2,B2,43-80,43,80,61.5,70,0.1,50.7,13.5,36.4
74,2017,Valley_floor,Lower_slope,Depositional,VF,498125,6403455,116.98,-32.50619,A,A,0-17,0,17,8.5,5,10.9,75.7,4.1,9.3
74,2017,Valley_floor,Lower_slope,Depositional,VF,498125,6403455,116.98,-32.50619,E,A2,17-27,17,27,22,25,23.7,60.6,3.3,12.4
74,2017,Valley_floor,Lower_slope,Depositional,VF,498125,6403455,116.98,-32.50619,B1,B,27-60,27,60,43.5,50,11.6,45,2.7,40.7
74,2017,Valley_floor,Lower_slope,Depositional,VF,498125,6403455,116.98,-32.50619,B2,B2,60-79,60,79,69.5,70,2.8,44.5,8.5,44.4
75,2017,Lower_slope,NA,Erosional,LS,498350,6403540,116.9824,-32.50542,A1,A,0-10,0,10,5,5,29.8,57.6,4.5,8.1
75,2017,Lower_slope,NA,Erosional,LS,498350,6403540,116.9824,-32.50542,A2,A2,Oct-15,10,15,12.5,15,53.8,38.4,4.5,3.3
75,2017,Lower_slope,NA,Erosional,LS,498350,6403540,116.9824,-32.50542,B1,B,15-35,15,35,25,25,29.5,58.9,4.5,7.2
75,2017,Lower_slope,NA,Erosional,LS,498350,6403540,116.9824,-32.50542,B2,B2,35-80,35,80,57.5,50,18.6,55.9,7,18.5
76,2017,Lower_slope,NA,Erosional,LS,498036,6403443,116.9791,-32.50629,A,A,0-13,0,13,6.5,5,6.5,70.7,9.3,13.6
76,2017,Lower_slope,NA,Erosional,LS,498036,6403443,116.9791,-32.50629,A2,A2,13-23,13,23,18,15,11.3,55.2,6.9,26.6
76,2017,Lower_slope,NA,Erosional,LS,498036,6403443,116.9791,-32.50629,B,B,23-68,23,68,45.5,50,16.5,34.7,3.8,44.9
76,2017,Lower_slope,NA,Erosional,LS,498036,6403443,116.9791,-32.50629,B,B,68-82,68,82,75,70,7.6,31.6,7.1,53.7
77,2017,Valley_floor,NA,Depositional,VF,497749,6403736,116.976,-32.50365,A,A,0-10,0,10,5,5,93.5,5.9,0.3,0.2
77,2017,Valley_floor,NA,Depositional,VF,497749,6403736,116.976,-32.50365,E,A2,Oct-22,10,22,16,15,58.1,39.1,1.2,1.6
77,2017,Valley_floor,NA,Depositional,VF,497749,6403736,116.976,-32.50365,B1,B,22-38,22,38,30,35,53,41.5,1.6,3.7
77,2017,Valley_floor,NA,Depositional,VF,497749,6403736,116.976,-32.50365,B2,B2,38-65,38,65,51.5,50,64.3,20.1,1.7,13.8
78,2017,Lower_slope,NA,Erosional,LS,495287,6404011,116.9498,-32.50116,A1,A,0-14,0,14,7,5,9.3,88,1.8,0.9
78,2017,Lower_slope,NA,Erosional,LS,495287,6404011,116.9498,-32.50116,A2,A2,14-37,14,37,25.5,25,11.2,81.3,1.8,5.8
78,2017,Lower_slope,NA,Erosional,LS,495287,6404011,116.9498,-32.50116,B1,B,37-58,37,58,47.5,50,18.9,71.5,7.1,2.4
78,2017,Lower_slope,NA,Erosional,LS,495287,6404011,116.9498,-32.50116,B2,B2,58-90,58,90,74,70,12,52.3,4.9,30.8
79,2017,Mid-slope,NA,Erosional,MS,495601,6403548,116.9532,-32.50534,A1,A,0-15,0,15,7.5,5,6.9,84.3,6.2,2.5
79,2017,Mid-slope,NA,Erosional,MS,495601,6403548,116.9532,-32.50534,A2,A2,15-30,15,30,22.5,25,7.2,86.9,2.8,3.2
79,2017,Mid-slope,NA,Erosional,MS,495601,6403548,116.9532,-32.50534,B1,B,30-40,30,40,35,35,7.7,85.2,4.2,3
79,2017,Mid-slope,NA,Erosional,MS,495601,6403548,116.9532,-32.50534,B2,B2,40-100,40,100,70,70,9.2,64.7,8.4,17.6
80,2017,Valley_floor,NA,Depositional,VF,496179,6403888,116.9593,-32.50227,A1,A,0-12,0,12,6,5,18.2,69.4,6.2,6.2
80,2017,Valley_floor,NA,Depositional,VF,496179,6403888,116.9593,-32.50227,A2,A2,Dec-23,12,23,17.5,15,12,67.8,6.6,13.5
80,2017,Valley_floor,NA,Depositional,VF,496179,6403888,116.9593,-32.50227,B2.1,B2,23-42,23,42,32.5,35,13.2,68.7,3.9,14.1
80,2017,Valley_floor,NA,Depositional,VF,496179,6403888,116.9593,-32.50227,B2.2,B2,42-49,42,49,45.5,50,14.3,67.4,3.9,14.4
80,2017,Valley_floor,NA,Depositional,VF,496179,6403888,116.9593,-32.50227,B2.3,B2,49-70,49,70,59.5,50,15.7,66.9,4.6,12.7
80,2017,Valley_floor,NA,Depositional,VF,496179,6403888,116.9593,-32.50227,B2.4,B2,70-100,70,100,85,90,43.1,46.9,2.7,7.2
81,2017,Sub_valley_floor,NA,Depositional,VF,495842,6404279,116.9557,-32.49875,A1,A,0-13,0,13,6.5,5,12,80.3,7.7,0.025
81,2017,Sub_valley_floor,NA,Depositional,VF,495842,6404279,116.9557,-32.49875,A2,A2,13-38,13,38,25.5,25,17,76.4,2.1,4.6
81,2017,Sub_valley_floor,NA,Depositional,VF,495842,6404279,116.9557,-32.49875,E,A2,38-64,38,64,51,50,32,57.5,4.5,6
81,2017,Sub_valley_floor,NA,Depositional,VF,495842,6404279,116.9557,-32.49875,B,B,64-100,64,100,82,90,60,38.9,1.1,0.025
82,2017,Mid-slope,NA,Erosional,MS,499186,6404600,116.9913,-32.49586,A,A,0-14,0,14,7,5,8,81.7,4.5,5.9
82,2017,Mid-slope,NA,Erosional,MS,499186,6404600,116.9913,-32.49586,B1,B,14-32,14,32,23,25,30,61.7,3.9,4.4
82,2017,Mid-slope,NA,Erosional,MS,499186,6404600,116.9913,-32.49586,B2.1,B2,32-57,32,57,44.5,50,11,66.7,3.9,18.5
82,2017,Mid-slope,NA,Erosional,MS,499186,6404600,116.9913,-32.49586,B2.2,B2,57-64,57,64,60.5,70,19,20.2,6.2,54.7
83,2017,Mid-slope,NA,Erosional,MS,499543,6404302,116.9951,-32.49855,A1,A,0-11,0,11,5.5,5,0.1,92.5,4.8,2.8
83,2017,Mid-slope,NA,Erosional,MS,499543,6404302,116.9951,-32.49855,A2,A2,Nov-27,11,27,19,15,0.1,90,3.3,6.8
83,2017,Mid-slope,NA,Erosional,MS,499543,6404302,116.9951,-32.49855,B1,B,27-47,27,47,37,35,0.1,93.3,3.5,3.2
83,2017,Mid-slope,NA,Erosional,MS,499543,6404302,116.9951,-32.49855,B2,B2,47-70,47,70,58.5,50,0.1,78.2,16.3,5.5
84,2017,Valley_floor,NA,Depositional,VF,499525,6403063,116.9949,-32.50972,A1,A,0-10,0,10,5,5,5.4,85,4.9,4.6
84,2017,Valley_floor,NA,Depositional,VF,499525,6403063,116.9949,-32.50972,A2,A2,Oct-23,10,23,16.5,15,6.9,87,3.7,2.3
84,2017,Valley_floor,NA,Depositional,VF,499525,6403063,116.9949,-32.50972,B1,B,23-34.5,23,34.5,28.75,25,2.1,90.6,3.6,3.6
84,2017,Valley_floor,NA,Depositional,VF,499525,6403063,116.9949,-32.50972,B2,B2,34.5-40,34.5,40,37.25,35,11.3,60.9,4.5,23.2
84,2017,Valley_floor,NA,Depositional,VF,499525,6403063,116.9949,-32.50972,C,C,40-100,40,100,70,70,77.4,18.7,3,0.9
85,2017,Lower_slope,Sub_valley_floor,Erosional,LS,499038,6403680,116.9898,-32.50416,A,A,0-16,0,16,8,5,3.7,70,10.6,15.7
85,2017,Lower_slope,Sub_valley_floor,Erosional,LS,499038,6403680,116.9898,-32.50416,B1,B,16-30,16,30,23,25,11.8,59.1,6.8,22.3
85,2017,Lower_slope,Sub_valley_floor,Erosional,LS,499038,6403680,116.9898,-32.50416,B2,B2,30-60,30,60,45,50,79,14.7,1.7,4.6
85,2017,Lower_slope,Sub_valley_floor,Erosional,LS,499038,6403680,116.9898,-32.50416,C,C,60-100,60,100,80,90,19.4,56.4,5.2,18.9
86,2017,Lower_slope,Mid-slope,Erosional,LS,500472,6406189,117.005,-32.48152,A,A,0-10,0,10,5,5,37,56.1,3,3.8
86,2017,Lower_slope,Mid-slope,Erosional,LS,500472,6406189,117.005,-32.48152,B1,B,Oct-35,10,35,22.5,25,64,32.4,0.3,3.3
86,2017,Lower_slope,Mid-slope,Erosional,LS,500472,6406189,117.005,-32.48152,B2,B2,35-72,35,72,53.5,50,21,46.3,2.2,30.4
87,2017,Valley_floor,Lower_slope,Depositional,VF,500369,6406448,117.0039,-32.47919,A1,A,0-15,0,15,7.5,5,10,59.2,27.2,3.7
87,2017,Valley_floor,Lower_slope,Depositional,VF,500369,6406448,117.0039,-32.47919,B1,B,15-42,15,42,28.5,25,10,63.7,23,3.2
87,2017,Valley_floor,Lower_slope,Depositional,VF,500369,6406448,117.0039,-32.47919,B2-1,B2,42-72,42,72,57,50,10,72.8,5.6,11.6
87,2017,Valley_floor,Lower_slope,Depositional,VF,500369,6406448,117.0039,-32.47919,B2-2,B2,72-100,72,100,86,90,15,64.6,12.2,8.2
88,2017,Valley_floor,NA,Depositional,VF,500517,6406387,117.0055,-32.47974,Ap,A,0-2,0,2,1,5,7.3,81.3,5.1,6.3
88,2017,Valley_floor,NA,Depositional,VF,500517,6406387,117.0055,-32.47974,B1,B,Feb-42,2,42,22,25,14.6,39.7,8.4,37.3
88,2017,Valley_floor,NA,Depositional,VF,500517,6406387,117.0055,-32.47974,B2e,B2,42-73,42,73,57.5,50,58.2,9.6,5.4,26.8
89,2017,Mid-slope,NA,Erosional,MS,499731,6407110,116.9971,-32.47322,A1,A,0-14,0,14,7,5,12.8,76.1,7.3,3.7
89,2017,Mid-slope,NA,Erosional,MS,499731,6407110,116.9971,-32.47322,B1,B,14-22,14,22,18,15,16.5,67,9.9,6.6
89,2017,Mid-slope,NA,Erosional,MS,499731,6407110,116.9971,-32.47322,B2,B2,22-90,22,90,56,50,27.3,59.9,5.4,7.4
90,2017,Upper_slope,Mid-slope,Erosional,US,499965,6407206,116.9996,-32.47235,A1,A,0-10,0,10,5,5,27.7,64,6,2.4
90,2017,Upper_slope,Mid-slope,Erosional,US,499965,6407206,116.9996,-32.47235,B1,B,15-25,15,25,20,25,33.1,54.7,9,3.2
90,2017,Upper_slope,Mid-slope,Erosional,US,499965,6407206,116.9996,-32.47235,B2-1,B2,29-39,29,39,34,35,17.7,63,9.5,9.9
90,2017,Upper_slope,Mid-slope,Erosional,US,499965,6407206,116.9996,-32.47235,B2-2,B2,39-77,39,77,58,50,10,70.2,9.9,9.9
90,2017,Upper_slope,Mid-slope,Erosional,US,499965,6407206,116.9996,-32.47235,C,C,77-87,77,87,82,90,26.6,58,5.1,10.3
91,2017,Residual,NA,Residual,RE,499990,6407578,116.9999,-32.46899,A1,A,0-10,0,10,5,5,0.1,64.8,8.5,26.7
91,2017,Residual,NA,Residual,RE,499990,6407578,116.9999,-32.46899,B1,B,Oct-50,10,50,30,35,0.1,46,11.2,42.7
91,2017,Residual,NA,Residual,RE,499990,6407578,116.9999,-32.46899,B2,B2,50-85,50,85,67.5,70,0.1,40.3,21,38.7
92,2017,Residual,NA,Residual,RE,499992,6407442,116.9999,-32.47022,A1,A,0-8,0,8,4,5,31.3,58.3,4.3,6.1
92,2017,Residual,NA,Residual,RE,499992,6407442,116.9999,-32.47022,A2,A2,Aug-21,8,21,14.5,15,37.2,53.1,5.8,3.9
92,2017,Residual,NA,Residual,RE,499992,6407442,116.9999,-32.47022,B2.1,B2,21-89,21,89,55,50,53.2,37.1,5.1,4.7
92,2017,Residual,NA,Residual,RE,499992,6407442,116.9999,-32.47022,B2.2,B2,89-100,89,100,94.5,90,41.5,45.7,5.7,7.2
93,2018,Nonresid_upland,NA,Erosional,US,496966,6406015,116.9677,-32.48309,A1,A,0-16,0,16,8,5,2.87,85.7,5.1,6.3
93,2018,Nonresid_upland,NA,Erosional,US,496966,6406015,116.9677,-32.48309,A2,A2,16-29,16,29,22.5,25,4.74,85.3,4.1,6
93,2018,Nonresid_upland,NA,Erosional,US,496966,6406015,116.9677,-32.48309,B1,B,29-54,29,54,41.5,50,3.89,88.2,4.3,3.6
93,2018,Nonresid_upland,NA,Erosional,US,496966,6406015,116.9677,-32.48309,B2,B2,54-86,54,86,70,70,5.58,65.6,2.4,26.4
94,2018,Upper_slope,NA,Erosional,US,497408,6405271,116.9724,-32.4898,A,A,0-10,0,10,5,5,8.52,86.4,0.2,4.8
94,2018,Upper_slope,NA,Erosional,US,497408,6405271,116.9724,-32.4898,B1,B,Oct-20,10,20,15,15,16.43,79.1,0.1,4.3
94,2018,Upper_slope,NA,Erosional,US,497408,6405271,116.9724,-32.4898,B2,B2,20-33,20,33,26.5,25,16.06,79.5,0.1,4.4
94,2018,Upper_slope,NA,Erosional,US,497408,6405271,116.9724,-32.4898,B2.2,B2,33-55,33,55,44,50,26.17,69.9,0.03,3.9
94,2018,Upper_slope,NA,Erosional,US,497408,6405271,116.9724,-32.4898,B2.3,B2,55-65,55,65,60,70,46.12,51,0.1,2.8
95,2018,Residual,NA,Residual,RE,498190,6405398,116.9807,-32.48866,A1.1,A,0-14,0,14,7,5,24.43,52.4,18.4,4.7
95,2018,Residual,NA,Residual,RE,498190,6405398,116.9807,-32.48866,A1.2,A,14-37,14,37,25.5,25,46.75,40.6,3.5,9.2
95,2018,Residual,NA,Residual,RE,498190,6405398,116.9807,-32.48866,B2.1,B2,37-47,37,47,42,50,7.36,62.3,15.6,14.8
95,2018,Residual,NA,Residual,RE,498190,6405398,116.9807,-32.48866,B2.2,B2,47-80,47,80,63.5,70,8.15,52.9,17.7,21.2
96,2018,Mid-slope,NA,Erosional,MS,498021,6406009,116.9789,-32.48315,Ap,A,0-16,0,16,8,5,5.85,79.1,10.2,5
96,2018,Mid-slope,NA,Erosional,MS,498021,6406009,116.9789,-32.48315,A1,A,16-26,16,26,21,25,7.86,84.4,2.1,5.6
96,2018,Mid-slope,NA,Erosional,MS,498021,6406009,116.9789,-32.48315,A2e,A2,26-45,26,45,35.5,35,7.53,86,3.9,2.6
96,2018,Mid-slope,NA,Erosional,MS,498021,6406009,116.9789,-32.48315,B1,B,45-63,45,63,54,50,9.52,82,3,5.5
96,2018,Mid-slope,NA,Erosional,MS,498021,6406009,116.9789,-32.48315,B2,B2,63-100,63,100,81.5,90,10.85,78.5,4,6.7
97,2018,Lower_slope,NA,Erosional,LS,498570,6405704,116.9848,-32.4859,Ap,A,0-11,0,11,5.5,5,6.198,83.9,5.1,4.9
97,2018,Lower_slope,NA,Erosional,LS,498570,6405704,116.9848,-32.4859,A2e,A2,Nov-35,11,35,23,25,6.758,79.9,6.5,6.8
97,2018,Lower_slope,NA,Erosional,LS,498570,6405704,116.9848,-32.4859,B1,B,35-50,35,50,42.5,50,3.069,57.3,8,31.6
97,2018,Lower_slope,NA,Erosional,LS,498570,6405704,116.9848,-32.4859,B2,B2,50-80,50,80,65,70,8.465,40.6,7.9,43
98,2018,Nonresid_upland,NA,Erosional,US,497297,6405615,116.9712,-32.4867,Ap,A,0-13,0,13,6.5,5,10.99,81.9,3.8,3.4
98,2018,Nonresid_upland,NA,Erosional,US,497297,6405615,116.9712,-32.4867,B1,B,13-28,13,28,20.5,25,21.468,70.8,6.3,1.4
98,2018,Nonresid_upland,NA,Erosional,US,497297,6405615,116.9712,-32.4867,B2,B2,28-62,28,62,45,50,37.727,56.8,3.6,1.9
98,2018,Nonresid_upland,NA,Erosional,US,497297,6405615,116.9712,-32.4867,B3,B3,62-80,62,80,71,70,16.606,56.2,11,16.3
99,2018,Residual,NA,Residual,RE,498621,6406819,116.9853,-32.47584,A,A,0-7,0,7,3.5,5,19.1,58.8,8.7,13.3
99,2018,Residual,NA,Residual,RE,498621,6406819,116.9853,-32.47584,B2.1,B2,Jul-30,7,30,18.5,15,22.5,19.2,22.7,35.6
99,2018,Residual,NA,Residual,RE,498621,6406819,116.9853,-32.47584,B2.2,B2,30-60,30,60,45,50,42.4,14.8,13.7,29.1
99,2018,Residual,NA,Residual,RE,498621,6406819,116.9853,-32.47584,B2.3,B2,60-93,60,93,76.5,70,35.3,14.7,41.1,8.9
100,2018,Upper_slope,NA,Erosional,US,498605,6406597,116.9852,-32.47784,A1,A,0-10,0,10,5,5,11.7,80.1,5.3,2.9
100,2018,Upper_slope,NA,Erosional,US,498605,6406597,116.9852,-32.47784,A2,A2,Oct-20,10,20,15,15,15.5,73.3,6.6,4.6
100,2018,Upper_slope,NA,Erosional,US,498605,6406597,116.9852,-32.47784,B1.1,B,22-35,22,35,28.5,25,16.2,74.7,4.9,4.2
100,2018,Upper_slope,NA,Erosional,US,498605,6406597,116.9852,-32.47784,B1.2,B,35-48,35,48,41.5,50,14.8,73.9,7.5,3.8
100,2018,Upper_slope,NA,Erosional,US,498605,6406597,116.9852,-32.47784,B2,B2,48-100,48,100,74,70,16.6,29.8,7.8,45.9
101,2018,Lower_slope,Sub_valley_floor,Erosional,LS,497600,6406851,116.9745,-32.47555,A,A,0-21,0,21,10.5,15,6.7,78.7,5.9,8.7
101,2018,Lower_slope,Sub_valley_floor,Erosional,LS,497600,6406851,116.9745,-32.47555,B1,B,21-33,21,33,27,25,9.1,79.1,4.1,7.7
101,2018,Lower_slope,Sub_valley_floor,Erosional,LS,497600,6406851,116.9745,-32.47555,B2.1,B2,33-46,33,46,39.5,35,18.8,69.8,4.7,6.7
101,2018,Lower_slope,Sub_valley_floor,Erosional,LS,497600,6406851,116.9745,-32.47555,B2.2,B2,46-100,46,100,73,70,20.6,57,6.7,15.6
102,2018,Lower_slope,NA,Erosional,LS,497935,6406296,116.978,-32.48056,Ap,A,0-7,0,7,3.5,5,13.6,72,6.7,7.6
102,2018,Lower_slope,NA,Erosional,LS,497935,6406296,116.978,-32.48056,A2,A2,Jul-30,7,30,18.5,15,11.9,71.2,8.2,8.6
102,2018,Lower_slope,NA,Erosional,LS,497935,6406296,116.978,-32.48056,B1,B,30-60,30,60,45,50,23.2,69.9,5.6,1.4
102,2018,Lower_slope,NA,Erosional,LS,497935,6406296,116.978,-32.48056,B2,B2,65-95,65,95,80,90,42,54.1,2.8,1.2
103,2019,Lower_slope,NA,Erosional,LS,497589,6406632,116.9743408,-32.47752476,AP,A,0-10,0,10,5,5,14.6,78.8,6.6,0.2
103,2019,Lower_slope,NA,Erosional,LS,497589,6406632,116.9743408,-32.47752476,A2,A2,Oct-17,10,17,13.5,15,16.2,74.1,6.5,3.2
103,2019,Lower_slope,NA,Erosional,LS,497589,6406632,116.9743408,-32.47752476,B1 ,B,17-29,17,29,23,25,35.8,55.8,6,2.4
103,2019,Lower_slope,NA,Erosional,LS,497589,6406632,116.9743408,-32.47752476,B2,B2,29-38,29,38,33.5,35,37.2,54.5,8.3,0.025
103,2019,Lower_slope,NA,Erosional,LS,497589,6406632,116.9743408,-32.47752476,B3,B3,38-65,38,65,51.5,50,NA,NA,NA,NA
103,2019,Lower_slope,NA,Erosional,LS,497589,6406632,116.9743408,-32.47752476,C,C,65-NA,65,NA,65,70,NA,NA,NA,NA
104,2019,Upper_slope,NA,Erosional,US,498319,6406858,116.9821103,-32.47548733,Ap,A,0-12,0,12,6,5,2.4,88.7,0.025,8.9
104,2019,Upper_slope,NA,Erosional,US,498319,6406858,116.9821103,-32.47548733,A1,A,Dec-27,12,27,19.5,15,8.5,82.1,0.9,8.5
104,2019,Upper_slope,NA,Erosional,US,498319,6406858,116.9821103,-32.47548733,B2(1),B2,27-55,27,55,41,35,3.8,84,9.8,2.4
104,2019,Upper_slope,NA,Erosional,US,498319,6406858,116.9821103,-32.47548733,B2(2),B2,55-NA,55,NA,55,50,NA,NA,NA,NA
105,2019,Mid-slope,Lower_slope,Erosional,MS,498281,6405988,116.9817043,-32.48333566,AP,A,0-15,0,15,7.5,5,7.6,76.4,4.1,11.9
105,2019,Mid-slope,Lower_slope,Erosional,MS,498281,6405988,116.9817043,-32.48333566,A2,A2,15-27,15,27,21,25,7.5,77,3.1,12.4
105,2019,Mid-slope,Lower_slope,Erosional,MS,498281,6405988,116.9817043,-32.48333566,B1,B,27-50,27,50,38.5,35,7.8,75.3,1.7,15.3
105,2019,Mid-slope,Lower_slope,Erosional,MS,498281,6405988,116.9817043,-32.48333566,B2,B2,50-77,50,77,63.5,70,15.6,70.9,2.4,11.1
106,2019,Mid-slope,Upper_slope,Erosional,MS,497871,6405870,116.9773403,-32.48439944,Ap,A,0-12,0,12,6,5,11,78.5,5.8,4.7
106,2019,Mid-slope,Upper_slope,Erosional,MS,497871,6405870,116.9773403,-32.48439944,A2,A2,Dec-29,12,29,20.5,25,25,66.4,4.1,4.5
106,2019,Mid-slope,Upper_slope,Erosional,MS,497871,6405870,116.9773403,-32.48439944,B1,B,29-47,29,47,38,35,25,67.7,2.6,4.7
106,2019,Mid-slope,Upper_slope,Erosional,MS,497871,6405870,116.9773403,-32.48439944,B2,B2,46-70,46,70,58,50,21,57.9,7,14.1
107,2019,Valley_floor,NA,Depositional,VF,497717,6406879,116.9757037,-32.47529681,A1,A,0-20,0,20,10,15,5.7,87.5,5,1.9
107,2019,Valley_floor,NA,Depositional,VF,497717,6406879,116.9757037,-32.47529681,A2,A2,20-54,20,54,37,35,16.4,77,1.9,4.8
107,2019,Valley_floor,NA,Depositional,VF,497717,6406879,116.9757037,-32.47529681,B2.1,B2,54-60,54,60,57,50,15.8,77.3,2.7,4.2
107,2019,Valley_floor,NA,Depositional,VF,497717,6406879,116.9757037,-32.47529681,B2.2,B2,60-66,60,66,63,70,18.9,73.8,2.2,5.1
107,2019,Valley_floor,NA,Depositional,VF,497717,6406879,116.9757037,-32.47529681,B2.3,B2,66-72,66,72,69,70,30.1,61.2,5.3,3.4
108,2019,Residual,NA,Residual,RE,498686,6406827,116.986016,-32.47576748,A1,A,0-19,0,19,9.5,5,35.2,45.5,6.8,12.5
108,2019,Residual,NA,Residual,RE,498686,6406827,116.986016,-32.47576748,B1,B,19-30,19,30,24.5,25,68.7,21,3.4,6.8
108,2019,Residual,NA,Residual,RE,498686,6406827,116.986016,-32.47576748,B2(1),B2,30-41,30,41,35.5,35,65,22.1,5.3,7.6
108,2019,Residual,NA,Residual,RE,498686,6406827,116.986016,-32.47576748,B2(2),B2,41-69,41,69,55,50,2.6,59.1,16,22.3
109,2019,Upper_slope,Nonresid_upland,Erosional,US,497585,6405949,116.9742965,-32.48368618,A1,A,0-8,0,8,4,5,11.7,72,6.9,9.4
109,2019,Upper_slope,Nonresid_upland,Erosional,US,497585,6405949,116.9742965,-32.48368618,A2,A2,Aug-20,8,20,14,15,71.3,22.8,2.9,3
109,2019,Upper_slope,Nonresid_upland,Erosional,US,497585,6405949,116.9742965,-32.48368618,B1,B,20-43,20,43,31.5,35,19.5,62.6,6.9,11
109,2019,Upper_slope,Nonresid_upland,Erosional,US,497585,6405949,116.9742965,-32.48368618,B2,B2,43-64,43,64,53.5,50,1.4,38.2,6.4,54
109,2019,Upper_slope,Nonresid_upland,Erosional,US,497585,6405949,116.9742965,-32.48368618,B3,B3,64-81,64,81,72.5,70,20.5,40.9,11.4,27.2
110,2019,Residual,Upper_slope,Residual,RE,498413,6406916,116.9831108,-32.47496424,A1,A,0-7,0,7,3.5,5,48.9,36.5,7,7.6
110,2019,Residual,Upper_slope,Residual,RE,498413,6406916,116.9831108,-32.47496424,A2,A2,Jul-27,7,27,17,15,37.8,43.7,12.2,6.3
110,2019,Residual,Upper_slope,Residual,RE,498413,6406916,116.9831108,-32.47496424,B1,B,27-42,27,42,34.5,35,46.3,36.2,12.1,5.4
110,2019,Residual,Upper_slope,Residual,RE,498413,6406916,116.9831108,-32.47496424,B2,B2,42-61,42,61,51.5,50,32.8,49.3,11.4,6.5
111,2019,Mid-slope,Lower_slope,Erosional,MS,500191,6405914,117.0020329,-32.48400453,A1 (1),A,0-8,0,8,4,5,20.6,71.7,7,0.7
111,2019,Mid-slope,Lower_slope,Erosional,MS,500191,6405914,117.0020329,-32.48400453,A1 (2),A,0-8,0,8,4,5,24.5,70.5,4.4,0.6
111,2019,Mid-slope,Lower_slope,Erosional,MS,500191,6405914,117.0020329,-32.48400453,A2 (1),A2,Aug-15,8,15,11.5,15,33.6,NA,NA,NA
111,2019,Mid-slope,Lower_slope,Erosional,MS,500191,6405914,117.0020329,-32.48400453,A2 (2),A2,Aug-15,8,15,11.5,15,28,64.8,6.4,0.8
111,2019,Mid-slope,Lower_slope,Erosional,MS,500191,6405914,117.0020329,-32.48400453,B1,B,15-30,15,30,22.5,25,37.8,57.3,4,0.9
112,2019,Lower_slope,NA,Erosional,LS,499889,6405789,116.9988186,-32.48513218,A1,A,0-19,0,19,9.5,5,7.8,82.2,4.9,5.1
112,2019,Lower_slope,NA,Erosional,LS,499889,6405789,116.9988186,-32.48513218,A2,A2,19-33,19,33,26,25,8.4,83.3,4.8,3.5
112,2019,Lower_slope,NA,Erosional,LS,499889,6405789,116.9988186,-32.48513218,B1,B,33-46,33,46,39.5,35,10.4,83.5,3.8,2.3
112,2019,Lower_slope,NA,Erosional,LS,499889,6405789,116.9988186,-32.48513218,B2-1,B2,46-69,46,69,57.5,50,10.7,79.2,5.4,4.7
112,2019,Lower_slope,NA,Erosional,LS,499889,6405789,116.9988186,-32.48513218,B2-2,B2,69-84,69,84,76.5,70,10,66.2,7.2,16.5
113,2019,Residual,NA,Residual,RE,499744,6406666,116.9972755,-32.47722063,A1,A,0-10,0,10,5,5,14.1,58.4,5.2,22.2
113,2019,Residual,NA,Residual,RE,499744,6406666,116.9972755,-32.47722063,A2,A2,Oct-21,10,21,15.5,15,9.2,48.3,19.3,23.3
113,2019,Residual,NA,Residual,RE,499744,6406666,116.9972755,-32.47722063,BA1,NA,21-27,21,27,24,25,5.9,41.8,18.1,34.2
113,2019,Residual,NA,Residual,RE,499744,6406666,116.9972755,-32.47722063,B1,B,27-56,27,56,41.5,35,3.7,44.5,22.4,29.4
113,2019,Residual,NA,Residual,RE,499744,6406666,116.9972755,-32.47722063,B2,B2,56-NA,56,NA,56,50,9,34.8,18.6,37.5
114,2019,Mid-slope,NA,Erosional,MS,499501,6407034,116.9946896,-32.47390077,AP,A,0-12,0,12,6,5,18.3,72.1,2,7.6
114,2019,Mid-slope,NA,Erosional,MS,499501,6407034,116.9946896,-32.47390077,A2,A2,Dec-30,12,30,21,25,39.7,51.5,4.7,4.1
114,2019,Mid-slope,NA,Erosional,MS,499501,6407034,116.9946896,-32.47390077,B11,B,30-43,30,43,36.5,35,34,54.2,6.6,5.2
114,2019,Mid-slope,NA,Erosional,MS,499501,6407034,116.9946896,-32.47390077,B12,B,43-53,43,53,48,50,31.4,49.4,9.5,9.8
114,2019,Mid-slope,NA,Erosional,MS,499501,6407034,116.9946896,-32.47390077,B2,B2,53-80,53,80,66.5,70,28.3,39.8,10.6,21.3
115,2019,Mid-slope,Lower_slope,Erosional,MS,500178,6406526,117.0018944,-32.4784836,AP,A,0-14,0,14,7,5,7.8,85,3.5,3.7
115,2019,Mid-slope,Lower_slope,Erosional,MS,500178,6406526,117.0018944,-32.4784836,A2,A2,14-25,14,25,19.5,15,8.4,80.3,8.7,2.6
115,2019,Mid-slope,Lower_slope,Erosional,MS,500178,6406526,117.0018944,-32.4784836,B1,B,25-43,25,43,34,35,10.4,79.6,7,3
115,2019,Mid-slope,Lower_slope,Erosional,MS,500178,6406526,117.0018944,-32.4784836,B21,B2,43-55,43,55,49,50,10.7,73.7,3.9,11.7
115,2019,Mid-slope,Lower_slope,Erosional,MS,500178,6406526,117.0018944,-32.4784836,B22,B2,55-80,55,80,67.5,70,16.7,53.2,7.9,22.1
116,2019,Valley_floor,NA,Depositional,VF,500268,6406278,117.0028523,-32.48072083,A1,A,0-9,0,9,4.5,5,12,83.8,4,0.2
116,2019,Valley_floor,NA,Depositional,VF,500268,6406278,117.0028523,-32.48072083,A2,A2,Sep-17,9,17,13,15,13.8,80,5.6,0.6
116,2019,Valley_floor,NA,Depositional,VF,500268,6406278,117.0028523,-32.48072083,B1,B,17-34.5,17,34.5,25.75,25,12.9,81.9,4.4,0.9
116,2019,Valley_floor,NA,Depositional,VF,500268,6406278,117.0028523,-32.48072083,B2,B2,34.5-54.5,34.5,54.5,44.5,50,12.8,81,4.4,1.8
116,2019,Valley_floor,NA,Depositional,VF,500268,6406278,117.0028523,-32.48072083,C,C,54.5-74,54.5,74,64.25,70,16.1,78.8,3.8,1.3
116,2019,Valley_floor,NA,Depositional,VF,500268,6406278,117.0028523,-32.48072083,C2,C,74-NA,74,NA,74,70,26.1,NA,NA,NA
117,2019,Sub_valley_floor,NA,Depositional,VF,499300,6406201,116.9925499,-32.48141527,AP,A,0-10,0,10,5,5,13.2,72.5,7.2,7.2
117,2019,Sub_valley_floor,NA,Depositional,VF,499300,6406201,116.9925499,-32.48141527,A1,A,Oct-22,10,22,16,15,17.2,67.1,8.3,7.5
117,2019,Sub_valley_floor,NA,Depositional,VF,499300,6406201,116.9925499,-32.48141527,A2,A2,22-40,22,40,31,35,41,48.2,5.2,5.6
117,2019,Sub_valley_floor,NA,Depositional,VF,499300,6406201,116.9925499,-32.48141527,B1,B,40-58,40,58,49,50,23.1,51.6,11.4,13.9
117,2019,Sub_valley_floor,NA,Depositional,VF,499300,6406201,116.9925499,-32.48141527,B2,B2,58-80,58,80,69,70,11.2,43.2,10.3,35.3
